object,variable,unit,value,operator,date,file,method,hour
85-RUN-3161-22-4-N-R4B3,flowering,%,1,emmanuelle.zumstein,2016-05-30 00:00:00,\N,Observation,\N
85-RUN-3180-16-8-N-R5B1,flowering,%,0.1,emmanuelle.zumstein,2016-05-30 00:00:00,\N,Observation,\N
85-RUN-3294-57-N-R10B7,flowering,%,8,emmanuelle.zumstein,2016-05-30 00:00:00,\N,Observation,\N
85-RUN-3322-178-N-R10B3,flowering,%,0.1,emmanuelle.zumstein,2016-05-30 00:00:00,\N,Observation,\N
85-RUN-3322-226-N-R11B2,flowering,%,0,emmanuelle.zumstein,2016-05-30 00:00:00,\N,Observation,\N
85-RUN-3322-285-N-R11B3,flowering,%,0,emmanuelle.zumstein,2016-05-30 00:00:00,\N,Observation,\N
85-RUN-3322-339-N-R10B2,flowering,%,0,emmanuelle.zumstein,2016-05-30 00:00:00,\N,Observation,\N
85-RUN-3322-343-N-R11B4,flowering,%,0.1,emmanuelle.zumstein,2016-05-30 00:00:00,\N,Observation,\N
85-RUN-3328-168-N-R10B6,flowering,%,5,emmanuelle.zumstein,2016-05-30 00:00:00,\N,Observation,\N
85-RUN-3328-177-N-R10B4,flowering,%,0.1,emmanuelle.zumstein,2016-05-30 00:00:00,\N,Observation,\N
85-RUN-3328-306-N-R10B5,flowering,%,5,emmanuelle.zumstein,2016-05-30 00:00:00,\N,Observation,\N
85-RUN-3347-320-B-R12B3,flowering,%,0.1,emmanuelle.zumstein,2016-05-30 00:00:00,\N,Observation,\N
85-RUN-3347-330-B-R12B5,flowering,%,5,emmanuelle.zumstein,2016-05-30 00:00:00,\N,Observation,\N
85-RUN-3347-342-B-R13B2,flowering,%,0.1,emmanuelle.zumstein,2016-05-30 00:00:00,\N,Observation,\N
85-RUN-3347-364-B-R11B6,flowering,%,0.1,emmanuelle.zumstein,2016-05-30 00:00:00,\N,Observation,\N
85-RUN-3347-365-B-R11B5,flowering,%,0,emmanuelle.zumstein,2016-05-30 00:00:00,\N,Observation,\N
85-RUN-3347-368-B-R12B2,flowering,%,0,emmanuelle.zumstein,2016-05-30 00:00:00,\N,Observation,\N
85-RUN-3347-396-B-R12B4,flowering,%,0,emmanuelle.zumstein,2016-05-30 00:00:00,\N,Observation,\N
85-RUN-3347-431-B-R11B7,flowering,%,0.1,emmanuelle.zumstein,2016-05-30 00:00:00,\N,Observation,\N
85-RUN-CabernetSauvignon-R3B1,flowering,%,0.1,emmanuelle.zumstein,2016-05-30 00:00:00,\N,Observation,\N
85-RUN-Marselan-R2B2,flowering,%,0.1,emmanuelle.zumstein,2016-05-30 00:00:00,\N,Observation,\N
85-RUN-Merlot-R2B3,flowering,%,3,emmanuelle.zumstein,2016-05-30 00:00:00,\N,Observation,\N
85-RUN-Syrah-R2B1,flowering,%,0.1,emmanuelle.zumstein,2016-05-30 00:00:00,\N,Observation,\N
85-RUN-3160-27-4-N-R4B2,flowering,%,90,emmanuelle.zumstein,2016-06-06 00:00:00,\N,Observation,\N
85-RUN-3161-22-4-N-R4B3,flowering,%,98,emmanuelle.zumstein,2016-06-06 00:00:00,\N,Observation,\N
85-RUN-3180-16-8-N-R5B1,flowering,%,40,emmanuelle.zumstein,2016-06-06 00:00:00,\N,Observation,\N
85-RUN-3294-57-N-R10B7,flowering,%,80,emmanuelle.zumstein,2016-06-06 00:00:00,\N,Observation,\N
85-RUN-3322-178-N-R10B3,flowering,%,40,emmanuelle.zumstein,2016-06-06 00:00:00,\N,Observation,\N
85-RUN-3322-226-N-R11B2,flowering,%,75,emmanuelle.zumstein,2016-06-06 00:00:00,\N,Observation,\N
85-RUN-3322-285-N-R11B3,flowering,%,75,emmanuelle.zumstein,2016-06-06 00:00:00,\N,Observation,\N
85-RUN-3322-339-N-R10B2,flowering,%,25,emmanuelle.zumstein,2016-06-06 00:00:00,\N,Observation,\N
85-RUN-3160-27-4-N-R4B2,flowering,%,0.1,emmanuelle.zumstein,2016-05-30 00:00:00,\N,Observation,\N
85-RUN-3328-177-N-R10B4,flowering,%,30,emmanuelle.zumstein,2016-06-06 00:00:00,\N,Observation,\N
85-RUN-3328-306-N-R10B5,flowering,%,98,emmanuelle.zumstein,2016-06-06 00:00:00,\N,Observation,\N
85-RUN-3347-320-B-R12B3,flowering,%,50,emmanuelle.zumstein,2016-06-06 00:00:00,\N,Observation,\N
85-RUN-3347-330-B-R12B5,flowering,%,85,emmanuelle.zumstein,2016-06-06 00:00:00,\N,Observation,\N
85-RUN-3347-342-B-R13B2,flowering,%,40,emmanuelle.zumstein,2016-06-06 00:00:00,\N,Observation,\N
85-RUN-3347-364-B-R11B6,flowering,%,65,emmanuelle.zumstein,2016-06-06 00:00:00,\N,Observation,\N
85-RUN-3347-365-B-R11B5,flowering,%,20,emmanuelle.zumstein,2016-06-06 00:00:00,\N,Observation,\N
85-RUN-3347-368-B-R12B2,flowering,%,50,emmanuelle.zumstein,2016-06-06 00:00:00,\N,Observation,\N
85-RUN-3347-396-B-R12B4,flowering,%,25,emmanuelle.zumstein,2016-06-06 00:00:00,\N,Observation,\N
85-RUN-3347-431-B-R11B7,flowering,%,90,emmanuelle.zumstein,2016-06-06 00:00:00,\N,Observation,\N
85-RUN-CabernetSauvignon-R3B1,flowering,%,80,emmanuelle.zumstein,2016-06-06 00:00:00,\N,Observation,\N
85-RUN-Marselan-R2B2,flowering,%,90,emmanuelle.zumstein,2016-06-06 00:00:00,\N,Observation,\N
85-RUN-Merlot-R2B3,flowering,%,98,emmanuelle.zumstein,2016-06-06 00:00:00,\N,Observation,\N
85-RUN-Syrah-R2B1,flowering,%,90,emmanuelle.zumstein,2016-06-06 00:00:00,\N,Observation,\N
85-RUN-3084-2-46-N-R4B1,flowering,%,80,emmanuelle.zumstein,2016-06-08 00:00:00,\N,Observation,\N
85-RUN-3180-16-8-N-R5B1,flowering,%,80,emmanuelle.zumstein,2016-06-08 00:00:00,\N,Observation,\N
85-RUN-3322-178-N-R10B3,flowering,%,95,emmanuelle.zumstein,2016-06-08 00:00:00,\N,Observation,\N
85-RUN-3322-339-N-R10B2,flowering,%,75,emmanuelle.zumstein,2016-06-08 00:00:00,\N,Observation,\N
85-RUN-3328-177-N-R10B4,flowering,%,60,emmanuelle.zumstein,2016-06-08 00:00:00,\N,Observation,\N
85-RUN-3347-320-B-R12B3,flowering,%,95,emmanuelle.zumstein,2016-06-08 00:00:00,\N,Observation,\N
85-RUN-3347-342-B-R13B2,flowering,%,75,emmanuelle.zumstein,2016-06-08 00:00:00,\N,Observation,\N
85-RUN-3347-364-B-R11B6,flowering,%,75,emmanuelle.zumstein,2016-06-08 00:00:00,\N,Observation,\N
85-RUN-3347-365-B-R11B5,flowering,%,50,emmanuelle.zumstein,2016-06-08 00:00:00,\N,Observation,\N
85-RUN-3347-368-B-R12B2,flowering,%,95,emmanuelle.zumstein,2016-06-08 00:00:00,\N,Observation,\N
85-RUN-3347-396-B-R12B4,flowering,%,50,emmanuelle.zumstein,2016-06-08 00:00:00,\N,Observation,\N
85-RUN-3347-365-B-R11B5,flowering,%,90,emmanuelle.zumstein,2016-06-09 00:00:00,\N,Observation,\N
85-RUN-3347-396-B-R12B4,flowering,%,80,emmanuelle.zumstein,2016-06-09 00:00:00,\N,Observation,\N
85-RUN-3084-2-46-N,totalAcidity,gH2SO4/l,4.34,emmanuelle.zumstein,2016-09-06 00:00:00,\N,electrotitrimetry,\N
85-RUN-3160-27-4-N,totalAcidity,gH2SO4/l,5.36,emmanuelle.zumstein,2016-09-06 00:00:00,\N,electrotitrimetry,\N
85-RUN-3161-22-4-N,totalAcidity,gH2SO4/l,4.13,emmanuelle.zumstein,2016-09-06 00:00:00,\N,electrotitrimetry,\N
85-RUN-3180-16-8-N,totalAcidity,gH2SO4/l,3.81,emmanuelle.zumstein,2016-09-06 00:00:00,\N,electrotitrimetry,\N
85-RUN-3322-178-N-R10B3,totalAcidity,gH2SO4/l,3.87,emmanuelle.zumstein,2016-09-06 00:00:00,\N,electrotitrimetry,\N
85-RUN-3322-226-N-R11B2,totalAcidity,gH2SO4/l,3.65,emmanuelle.zumstein,2016-09-06 00:00:00,\N,electrotitrimetry,\N
85-RUN-3322-285-N-R11B3,totalAcidity,gH2SO4/l,5.56,emmanuelle.zumstein,2016-09-06 00:00:00,\N,electrotitrimetry,\N
85-RUN-3322-343-N-R11B4,totalAcidity,gH2SO4/l,4.03,emmanuelle.zumstein,2016-09-06 00:00:00,\N,electrotitrimetry,\N
85-RUN-3328-177-N-R10B4,totalAcidity,gH2SO4/l,4.78,emmanuelle.zumstein,2016-09-06 00:00:00,\N,electrotitrimetry,\N
85-RUN-3328-306-N-R10B5,totalAcidity,gH2SO4/l,4.19,emmanuelle.zumstein,2016-09-06 00:00:00,\N,electrotitrimetry,\N
85-RUN-3347-320-B-R12B3,totalAcidity,gH2SO4/l,3.58,emmanuelle.zumstein,2016-09-06 00:00:00,\N,electrotitrimetry,\N
85-RUN-3347-330-B-R12B5,totalAcidity,gH2SO4/l,4.13,emmanuelle.zumstein,2016-09-06 00:00:00,\N,electrotitrimetry,\N
85-RUN-3347-342-B-R13B2,totalAcidity,gH2SO4/l,3.58,emmanuelle.zumstein,2016-09-06 00:00:00,\N,electrotitrimetry,\N
85-RUN-3347-364-B-R11B6,totalAcidity,gH2SO4/l,4.03,emmanuelle.zumstein,2016-09-06 00:00:00,\N,electrotitrimetry,\N
85-RUN-3347-368-B-R12B2,totalAcidity,gH2SO4/l,3.14,emmanuelle.zumstein,2016-09-06 00:00:00,\N,electrotitrimetry,\N
85-RUN-3347-396-B-R12B4,totalAcidity,gH2SO4/l,4.27,emmanuelle.zumstein,2016-09-06 00:00:00,\N,electrotitrimetry,\N
85-RUN-3347-431-B-R11B7,totalAcidity,gH2SO4/l,2.87,emmanuelle.zumstein,2016-09-06 00:00:00,\N,electrotitrimetry,\N
85-RUN-3328-168-N-R10B6,flowering,%,95,emmanuelle.zumstein,2016-06-06 00:00:00,\N,Observation,\N
85-RUN-3084-2-46-N,probableAlcohol,%vol,14.01,emmanuelle.zumstein,2016-09-06 00:00:00,\N,abacus,\N
85-RUN-3160-27-4-N,probableAlcohol,%vol,14.96,emmanuelle.zumstein,2016-09-06 00:00:00,\N,abacus,\N
85-RUN-3161-22-4-N,probableAlcohol,%vol,14.25,emmanuelle.zumstein,2016-09-06 00:00:00,\N,abacus,\N
85-RUN-3180-16-8-N,probableAlcohol,%vol,15.23,emmanuelle.zumstein,2016-09-06 00:00:00,\N,abacus,\N
85-RUN-3322-178-N-R10B3,probableAlcohol,%vol,11.68,emmanuelle.zumstein,2016-09-06 00:00:00,\N,abacus,\N
85-RUN-3322-226-N-R11B2,probableAlcohol,%vol,15.51,emmanuelle.zumstein,2016-09-06 00:00:00,\N,abacus,\N
85-RUN-3322-285-N-R11B3,probableAlcohol,%vol,15.12,emmanuelle.zumstein,2016-09-06 00:00:00,\N,abacus,\N
85-RUN-3322-343-N-R11B4,probableAlcohol,%vol,12.76,emmanuelle.zumstein,2016-09-06 00:00:00,\N,abacus,\N
85-RUN-3328-177-N-R10B4,probableAlcohol,%vol,14.84,emmanuelle.zumstein,2016-09-06 00:00:00,\N,abacus,\N
85-RUN-3328-306-N-R10B5,probableAlcohol,%vol,14.84,emmanuelle.zumstein,2016-09-06 00:00:00,\N,abacus,\N
85-RUN-3347-320-B-R12B3,probableAlcohol,%vol,13.59,emmanuelle.zumstein,2016-09-06 00:00:00,\N,abacus,\N
85-RUN-3347-330-B-R12B5,probableAlcohol,%vol,14.56,emmanuelle.zumstein,2016-09-06 00:00:00,\N,abacus,\N
85-RUN-3347-342-B-R13B2,probableAlcohol,%vol,13.73,emmanuelle.zumstein,2016-09-06 00:00:00,\N,abacus,\N
85-RUN-3347-364-B-R11B6,probableAlcohol,%vol,13.73,emmanuelle.zumstein,2016-09-06 00:00:00,\N,abacus,\N
85-RUN-3347-368-B-R12B2,probableAlcohol,%vol,15.12,emmanuelle.zumstein,2016-09-06 00:00:00,\N,abacus,\N
85-RUN-3347-396-B-R12B4,probableAlcohol,%vol,13.87,emmanuelle.zumstein,2016-09-06 00:00:00,\N,abacus,\N
85-RUN-3084-2-46-N,DegreBrix,°B,23.8,emmanuelle.zumstein,2016-09-06 00:00:00,\N,refractometry,\N
85-RUN-3160-27-4-N,DegreBrix,°B,25.2,emmanuelle.zumstein,2016-09-06 00:00:00,\N,refractometry,\N
85-RUN-3161-22-4-N,DegreBrix,°B,24.2,emmanuelle.zumstein,2016-09-06 00:00:00,\N,refractometry,\N
85-RUN-3180-16-8-N,DegreBrix,°B,25.6,emmanuelle.zumstein,2016-09-06 00:00:00,\N,refractometry,\N
85-RUN-3322-178-N-R10B3,DegreBrix,°B,20.4,emmanuelle.zumstein,2016-09-06 00:00:00,\N,refractometry,\N
85-RUN-3322-226-N-R11B2,DegreBrix,°B,26,emmanuelle.zumstein,2016-09-06 00:00:00,\N,refractometry,\N
85-RUN-3322-285-N-R11B3,DegreBrix,°B,25.4,emmanuelle.zumstein,2016-09-06 00:00:00,\N,refractometry,\N
85-RUN-3322-343-N-R11B4,DegreBrix,°B,22,emmanuelle.zumstein,2016-09-06 00:00:00,\N,refractometry,\N
85-RUN-3328-177-N-R10B4,DegreBrix,°B,25,emmanuelle.zumstein,2016-09-06 00:00:00,\N,refractometry,\N
85-RUN-3328-306-N-R10B5,DegreBrix,°B,25,emmanuelle.zumstein,2016-09-06 00:00:00,\N,refractometry,\N
85-RUN-3347-320-B-R12B3,DegreBrix,°B,23.2,emmanuelle.zumstein,2016-09-06 00:00:00,\N,refractometry,\N
85-RUN-3347-330-B-R12B5,DegreBrix,°B,24.6,emmanuelle.zumstein,2016-09-06 00:00:00,\N,refractometry,\N
85-RUN-3347-342-B-R13B2,DegreBrix,°B,23.4,emmanuelle.zumstein,2016-09-06 00:00:00,\N,refractometry,\N
85-RUN-3347-364-B-R11B6,DegreBrix,°B,23.4,emmanuelle.zumstein,2016-09-06 00:00:00,\N,refractometry,\N
85-RUN-3347-368-B-R12B2,DegreBrix,°B,25.4,emmanuelle.zumstein,2016-09-06 00:00:00,\N,refractometry,\N
85-RUN-3347-396-B-R12B4,DegreBrix,°B,23.6,emmanuelle.zumstein,2016-09-06 00:00:00,\N,refractometry,\N
85-RUN-3347-431-B-R11B7,DegreBrix,°B,21.2,emmanuelle.zumstein,2016-09-06 00:00:00,\N,refractometry,\N
85-RUN-3084-2-46-N,berriesNumber,,200,emmanuelle.zumstein,2016-09-06 00:00:00,\N,counting,\N
85-RUN-3160-27-4-N,berriesNumber,,200,emmanuelle.zumstein,2016-09-06 00:00:00,\N,counting,\N
85-RUN-3161-22-4-N,berriesNumber,,200,emmanuelle.zumstein,2016-09-06 00:00:00,\N,counting,\N
85-RUN-3180-16-8-N,berriesNumber,,200,emmanuelle.zumstein,2016-09-06 00:00:00,\N,counting,\N
85-RUN-3322-178-N-R10B3,berriesNumber,,200,emmanuelle.zumstein,2016-09-06 00:00:00,\N,counting,\N
85-RUN-3322-226-N-R11B2,berriesNumber,,200,emmanuelle.zumstein,2016-09-06 00:00:00,\N,counting,\N
85-RUN-3322-285-N-R11B3,berriesNumber,,200,emmanuelle.zumstein,2016-09-06 00:00:00,\N,counting,\N
85-RUN-3322-343-N-R11B4,berriesNumber,,200,emmanuelle.zumstein,2016-09-06 00:00:00,\N,counting,\N
85-RUN-3328-177-N-R10B4,berriesNumber,,200,emmanuelle.zumstein,2016-09-06 00:00:00,\N,counting,\N
85-RUN-3328-306-N-R10B5,berriesNumber,,200,emmanuelle.zumstein,2016-09-06 00:00:00,\N,counting,\N
85-RUN-3347-320-B-R12B3,berriesNumber,,200,emmanuelle.zumstein,2016-09-06 00:00:00,\N,counting,\N
85-RUN-3347-342-B-R13B2,berriesNumber,,200,emmanuelle.zumstein,2016-09-06 00:00:00,\N,counting,\N
85-RUN-3347-396-B-R12B4,berriesNumber,,200,emmanuelle.zumstein,2016-09-06 00:00:00,\N,counting,\N
85-RUN-3347-431-B-R11B7,berriesNumber,,200,emmanuelle.zumstein,2016-09-06 00:00:00,\N,counting,\N
85-RUN-3084-2-46-N,pH,,3.18,emmanuelle.zumstein,2016-09-06 00:00:00,\N,pHMetry,\N
85-RUN-3160-27-4-N,pH,,3.19,emmanuelle.zumstein,2016-09-06 00:00:00,\N,pHMetry,\N
85-RUN-3161-22-4-N,pH,,3.29,emmanuelle.zumstein,2016-09-06 00:00:00,\N,pHMetry,\N
85-RUN-3180-16-8-N,pH,,3.19,emmanuelle.zumstein,2016-09-06 00:00:00,\N,pHMetry,\N
85-RUN-3322-178-N-R10B3,pH,,3.27,emmanuelle.zumstein,2016-09-06 00:00:00,\N,pHMetry,\N
85-RUN-3322-226-N-R11B2,pH,,3.37,emmanuelle.zumstein,2016-09-06 00:00:00,\N,pHMetry,\N
85-RUN-3322-285-N-R11B3,pH,,3.04,emmanuelle.zumstein,2016-09-06 00:00:00,\N,pHMetry,\N
85-RUN-3322-343-N-R11B4,pH,,3.13,emmanuelle.zumstein,2016-09-06 00:00:00,\N,pHMetry,\N
85-RUN-3328-177-N-R10B4,pH,,3.06,emmanuelle.zumstein,2016-09-06 00:00:00,\N,pHMetry,\N
85-RUN-3328-306-N-R10B5,pH,,3.11,emmanuelle.zumstein,2016-09-06 00:00:00,\N,pHMetry,\N
85-RUN-3347-320-B-R12B3,pH,,3.15,emmanuelle.zumstein,2016-09-06 00:00:00,\N,pHMetry,\N
85-RUN-3347-330-B-R12B5,pH,,3.16,emmanuelle.zumstein,2016-09-06 00:00:00,\N,pHMetry,\N
85-RUN-3347-364-B-R11B6,pH,,3.07,emmanuelle.zumstein,2016-09-06 00:00:00,\N,pHMetry,\N
85-RUN-3347-368-B-R12B2,pH,,3.14,emmanuelle.zumstein,2016-09-06 00:00:00,\N,pHMetry,\N
85-RUN-3347-396-B-R12B4,pH,,3.12,emmanuelle.zumstein,2016-09-06 00:00:00,\N,pHMetry,\N
85-RUN-3347-431-B-R11B7,pH,,3.14,emmanuelle.zumstein,2016-09-06 00:00:00,\N,pHMetry,\N
85-RUN-3084-2-46-N,oneBerryWeight,g,1.06,emmanuelle.zumstein,2016-09-06 00:00:00,\N,calculation,\N
85-RUN-3160-27-4-N,oneBerryWeight,g,1.67,emmanuelle.zumstein,2016-09-06 00:00:00,\N,calculation,\N
85-RUN-3161-22-4-N,oneBerryWeight,g,1.68,emmanuelle.zumstein,2016-09-06 00:00:00,\N,calculation,\N
85-RUN-3180-16-8-N,oneBerryWeight,g,0.96,emmanuelle.zumstein,2016-09-06 00:00:00,\N,calculation,\N
85-RUN-3322-178-N-R10B3,oneBerryWeight,g,1.6,emmanuelle.zumstein,2016-09-06 00:00:00,\N,calculation,\N
85-RUN-3322-226-N-R11B2,oneBerryWeight,g,0.75,emmanuelle.zumstein,2016-09-06 00:00:00,\N,calculation,\N
85-RUN-3322-285-N-R11B3,oneBerryWeight,g,0.77,emmanuelle.zumstein,2016-09-06 00:00:00,\N,calculation,\N
85-RUN-3322-343-N-R11B4,oneBerryWeight,g,1.16,emmanuelle.zumstein,2016-09-06 00:00:00,\N,calculation,\N
85-RUN-3328-177-N-R10B4,oneBerryWeight,g,1.18,emmanuelle.zumstein,2016-09-06 00:00:00,\N,calculation,\N
85-RUN-3328-306-N-R10B5,oneBerryWeight,g,1.05,emmanuelle.zumstein,2016-09-06 00:00:00,\N,calculation,\N
85-RUN-3347-320-B-R12B3,oneBerryWeight,g,1.13,emmanuelle.zumstein,2016-09-06 00:00:00,\N,calculation,\N
85-RUN-3347-330-B-R12B5,oneBerryWeight,g,0.99,emmanuelle.zumstein,2016-09-06 00:00:00,\N,calculation,\N
85-RUN-3347-342-B-R13B2,oneBerryWeight,g,0.91,emmanuelle.zumstein,2016-09-06 00:00:00,\N,calculation,\N
85-RUN-3347-364-B-R11B6,oneBerryWeight,g,1.08,emmanuelle.zumstein,2016-09-06 00:00:00,\N,calculation,\N
85-RUN-3347-368-B-R12B2,oneBerryWeight,g,0.9,emmanuelle.zumstein,2016-09-06 00:00:00,\N,calculation,\N
85-RUN-3347-396-B-R12B4,oneBerryWeight,g,1.22,emmanuelle.zumstein,2016-09-06 00:00:00,\N,calculation,\N
85-RUN-3347-431-B-R11B7,oneBerryWeight,g,1.33,emmanuelle.zumstein,2016-09-06 00:00:00,\N,calculation,\N
85-RUN-3084-2-46-N,berriesWeight,g,211.5,emmanuelle.zumstein,2016-09-06 00:00:00,\N,weighing,\N
85-RUN-3160-27-4-N,berriesWeight,g,333.8,emmanuelle.zumstein,2016-09-06 00:00:00,\N,weighing,\N
85-RUN-3161-22-4-N,berriesWeight,g,336,emmanuelle.zumstein,2016-09-06 00:00:00,\N,weighing,\N
85-RUN-3180-16-8-N,berriesWeight,g,192.8,emmanuelle.zumstein,2016-09-06 00:00:00,\N,weighing,\N
85-RUN-3322-178-N-R10B3,berriesWeight,g,319.5,emmanuelle.zumstein,2016-09-06 00:00:00,\N,weighing,\N
85-RUN-3322-226-N-R11B2,berriesWeight,g,149.5,emmanuelle.zumstein,2016-09-06 00:00:00,\N,weighing,\N
85-RUN-3322-285-N-R11B3,berriesWeight,g,154.3,emmanuelle.zumstein,2016-09-06 00:00:00,\N,weighing,\N
85-RUN-3328-177-N-R10B4,berriesWeight,g,236.8,emmanuelle.zumstein,2016-09-06 00:00:00,\N,weighing,\N
85-RUN-3328-306-N-R10B5,berriesWeight,g,209.7,emmanuelle.zumstein,2016-09-06 00:00:00,\N,weighing,\N
85-RUN-3347-320-B-R12B3,berriesWeight,g,225.4,emmanuelle.zumstein,2016-09-06 00:00:00,\N,weighing,\N
85-RUN-3347-330-B-R12B5,berriesWeight,g,198.9,emmanuelle.zumstein,2016-09-06 00:00:00,\N,weighing,\N
85-RUN-3347-342-B-R13B2,berriesWeight,g,182.7,emmanuelle.zumstein,2016-09-06 00:00:00,\N,weighing,\N
85-RUN-3347-364-B-R11B6,berriesWeight,g,216.7,emmanuelle.zumstein,2016-09-06 00:00:00,\N,weighing,\N
85-RUN-3347-368-B-R12B2,berriesWeight,g,179.5,emmanuelle.zumstein,2016-09-06 00:00:00,\N,weighing,\N
85-RUN-3347-396-B-R12B4,berriesWeight,g,244.1,emmanuelle.zumstein,2016-09-06 00:00:00,\N,weighing,\N
85-RUN-3347-431-B-R11B7,berriesWeight,g,265.9,emmanuelle.zumstein,2016-09-06 00:00:00,\N,weighing,\N
85-RUN-3347-368-B-R12B2,berriesNumber,,200,emmanuelle.zumstein,2016-09-06 00:00:00,\N,counting,\N
85-RUN-3084-2-46-N,sugars,g/l,235.8,emmanuelle.zumstein,2016-09-06 00:00:00,\N,abacus,\N
85-RUN-3160-27-4-N,sugars,g/l,251.7,emmanuelle.zumstein,2016-09-06 00:00:00,\N,abacus,\N
85-RUN-3161-22-4-N,sugars,g/l,240.3,emmanuelle.zumstein,2016-09-06 00:00:00,\N,abacus,\N
85-RUN-3180-16-8-N,sugars,g/l,256.4,emmanuelle.zumstein,2016-09-06 00:00:00,\N,abacus,\N
85-RUN-3322-178-N-R10B3,sugars,g/l,196.5,emmanuelle.zumstein,2016-09-06 00:00:00,\N,abacus,\N
85-RUN-3322-226-N-R11B2,sugars,g/l,261.1,emmanuelle.zumstein,2016-09-06 00:00:00,\N,abacus,\N
85-RUN-3322-285-N-R11B3,sugars,g/l,254.4,emmanuelle.zumstein,2016-09-06 00:00:00,\N,abacus,\N
85-RUN-3322-343-N-R11B4,sugars,g/l,214.8,emmanuelle.zumstein,2016-09-06 00:00:00,\N,abacus,\N
85-RUN-3328-177-N-R10B4,sugars,g/l,249.7,emmanuelle.zumstein,2016-09-06 00:00:00,\N,abacus,\N
85-RUN-3328-306-N-R10B5,sugars,g/l,249.7,emmanuelle.zumstein,2016-09-06 00:00:00,\N,abacus,\N
85-RUN-3347-320-B-R12B3,sugars,g/l,228.7,emmanuelle.zumstein,2016-09-06 00:00:00,\N,abacus,\N
85-RUN-3347-330-B-R12B5,sugars,g/l,245,emmanuelle.zumstein,2016-09-06 00:00:00,\N,abacus,\N
85-RUN-3347-342-B-R13B2,sugars,g/l,231.1,emmanuelle.zumstein,2016-09-06 00:00:00,\N,abacus,\N
85-RUN-3347-364-B-R11B6,sugars,g/l,231.1,emmanuelle.zumstein,2016-09-06 00:00:00,\N,abacus,\N
85-RUN-3347-368-B-R12B2,sugars,g/l,254.4,emmanuelle.zumstein,2016-09-06 00:00:00,\N,abacus,\N
85-RUN-3347-396-B-R12B4,sugars,g/l,233.4,emmanuelle.zumstein,2016-09-06 00:00:00,\N,abacus,\N
85-RUN-3347-431-B-R11B7,sugars,g/l,205.7,emmanuelle.zumstein,2016-09-06 00:00:00,\N,abacus,\N
85-RUN-3322-339-N-R10B2,harvestDate,,1,emmanuelle.zumstein,2016-09-05 00:00:00,\N,Observation,\N
85-RUN-3328-168-N-R10B6,harvestDate,,1,emmanuelle.zumstein,2016-09-05 00:00:00,\N,Observation,\N
85-RUN-3322-226-N-R11B2,harvestDate,,1,emmanuelle.zumstein,2016-09-08 00:00:00,\N,Observation,\N
85-RUN-3160-27-4-N,harvestDate,,1,emmanuelle.zumstein,2016-09-12 00:00:00,\N,Observation,\N
85-RUN-3347-320-B-R12B3,harvestDate,,1,emmanuelle.zumstein,2016-09-12 00:00:00,\N,Observation,\N
85-RUN-3347-330-B-R12B5,harvestDate,,1,emmanuelle.zumstein,2016-09-12 00:00:00,\N,Observation,\N
85-RUN-3347-342-B-R13B2,harvestDate,,1,emmanuelle.zumstein,2016-09-12 00:00:00,\N,Observation,\N
85-RUN-3347-364-B-R11B6,harvestDate,,1,emmanuelle.zumstein,2016-09-12 00:00:00,\N,Observation,\N
85-RUN-3347-368-B-R12B2,harvestDate,,1,emmanuelle.zumstein,2016-09-12 00:00:00,\N,Observation,\N
85-RUN-3347-396-B-R12B4,harvestDate,,1,emmanuelle.zumstein,2016-09-12 00:00:00,\N,Observation,\N
85-RUN-3347-431-B-R11B7,harvestDate,,1,emmanuelle.zumstein,2016-09-12 00:00:00,\N,Observation,\N
85-RUN-3161-22-4-N,harvestDate,,1,emmanuelle.zumstein,2016-09-14 00:00:00,\N,Observation,\N
85-RUN-3322-178-N-R10B3,harvestDate,,1,emmanuelle.zumstein,2016-09-14 00:00:00,\N,Observation,\N
85-RUN-3328-306-N-R10B5,harvestDate,,1,emmanuelle.zumstein,2016-09-14 00:00:00,\N,Observation,\N
85-RUN-3322-285-N-R11B3,harvestDate,,1,emmanuelle.zumstein,2016-09-22 00:00:00,\N,Observation,\N
85-RUN-3328-306-N-R10B5,midFlowering,,1,emmanuelle.zumstein,2016-06-02 00:00:00,\N,calculation,\N
85-RUN-Merlot-R2B3,midFlowering,,1,emmanuelle.zumstein,2016-06-02 00:00:00,\N,calculation,\N
85-RUN-3160-27-4-N-R4B2,midFlowering,,1,emmanuelle.zumstein,2016-06-03 00:00:00,\N,calculation,\N
85-RUN-3161-22-4-N-R4B3,midFlowering,,1,emmanuelle.zumstein,2016-06-03 00:00:00,\N,calculation,\N
85-RUN-3294-57-N-R10B7,midFlowering,,1,emmanuelle.zumstein,2016-06-03 00:00:00,\N,calculation,\N
85-RUN-3328-168-N-R10B6,midFlowering,,1,emmanuelle.zumstein,2016-06-03 00:00:00,\N,calculation,\N
85-RUN-3347-330-B-R12B5,midFlowering,,1,emmanuelle.zumstein,2016-06-03 00:00:00,\N,calculation,\N
85-RUN-3347-431-B-R11B7,midFlowering,,1,emmanuelle.zumstein,2016-06-03 00:00:00,\N,calculation,\N
85-RUN-CabernetSauvignon-R3B1,midFlowering,,1,emmanuelle.zumstein,2016-06-03 00:00:00,\N,calculation,\N
85-RUN-Marselan-R2B2,midFlowering,,1,emmanuelle.zumstein,2016-06-03 00:00:00,\N,calculation,\N
85-RUN-Syrah-R2B1,midFlowering,,1,emmanuelle.zumstein,2016-06-03 00:00:00,\N,calculation,\N
85-RUN-3322-226-N-R11B2,midFlowering,,1,emmanuelle.zumstein,2016-06-04 00:00:00,\N,calculation,\N
85-RUN-3322-285-N-R11B3,midFlowering,,1,emmanuelle.zumstein,2016-06-04 00:00:00,\N,calculation,\N
85-RUN-3322-343-N-R11B4,midFlowering,,1,emmanuelle.zumstein,2016-06-04 00:00:00,\N,calculation,\N
85-RUN-3347-320-B-R12B3,midFlowering,,1,emmanuelle.zumstein,2016-06-04 00:00:00,\N,calculation,\N
85-RUN-3347-368-B-R12B2,midFlowering,,1,emmanuelle.zumstein,2016-06-04 00:00:00,\N,calculation,\N
85-RUN-3084-2-46-N-R4B1,midFlowering,,1,emmanuelle.zumstein,2016-06-05 00:00:00,\N,calculation,\N
85-RUN-3180-16-8-N-R5B1,midFlowering,,1,emmanuelle.zumstein,2016-06-05 00:00:00,\N,calculation,\N
85-RUN-3322-178-N-R10B3,midFlowering,,1,emmanuelle.zumstein,2016-06-05 00:00:00,\N,calculation,\N
85-RUN-3347-364-B-R11B6,midFlowering,,1,emmanuelle.zumstein,2016-06-05 00:00:00,\N,calculation,\N
85-RUN-3322-339-N-R10B2,midFlowering,,1,emmanuelle.zumstein,2016-06-06 00:00:00,\N,calculation,\N
85-RUN-3328-177-N-R10B4,midFlowering,,1,emmanuelle.zumstein,2016-06-07 00:00:00,\N,calculation,\N
85-RUN-3347-396-B-R12B4,midFlowering,,1,emmanuelle.zumstein,2016-06-07 00:00:00,\N,calculation,\N
85-RUN-Syrah-R2B1,midSofteningRipening,,1,emmanuelle.zumstein,2016-07-27 00:00:00,\N,calculation,\N
85-RUN-3161-22-4-N-R4B3,midSofteningRipening,,1,emmanuelle.zumstein,2016-07-28 00:00:00,\N,calculation,\N
85-RUN-3322-226-N-R11B2,midSofteningRipening,,1,emmanuelle.zumstein,2016-07-29 00:00:00,\N,calculation,\N
85-RUN-3328-168-N-R10B6,midSofteningRipening,,1,emmanuelle.zumstein,2016-07-29 00:00:00,\N,calculation,\N
85-RUN-3328-306-N-R10B5,midSofteningRipening,,1,emmanuelle.zumstein,2016-07-29 00:00:00,\N,calculation,\N
85-RUN-3160-27-4-N-R4B2,midSofteningRipening,,1,emmanuelle.zumstein,2016-07-30 00:00:00,\N,calculation,\N
85-RUN-3180-16-8-N-R5B1,midSofteningRipening,,1,emmanuelle.zumstein,2016-07-30 00:00:00,\N,calculation,\N
85-RUN-Merlot-R2B3,midSofteningRipening,,1,emmanuelle.zumstein,2016-07-30 00:00:00,\N,calculation,\N
85-RUN-3322-343-N-R11B4,midSofteningRipening,,1,emmanuelle.zumstein,2016-07-31 00:00:00,\N,calculation,\N
85-RUN-Marselan-R2B2,midSofteningRipening,,1,emmanuelle.zumstein,2016-07-31 00:00:00,\N,calculation,\N
85-RUN-3322-285-N-R11B3,midSofteningRipening,,1,emmanuelle.zumstein,2016-08-02 00:00:00,\N,calculation,\N
85-RUN-3294-57-N-R10B7,midSofteningRipening,,1,emmanuelle.zumstein,2016-08-03 00:00:00,\N,calculation,\N
85-RUN-3322-178-N-R10B3,midSofteningRipening,,1,emmanuelle.zumstein,2016-08-03 00:00:00,\N,calculation,\N
85-RUN-3084-2-46-N-R4B1,midSofteningRipening,,1,emmanuelle.zumstein,2016-08-04 00:00:00,\N,calculation,\N
85-RUN-3328-177-N-R10B4,midSofteningRipening,,1,emmanuelle.zumstein,2016-08-05 00:00:00,\N,calculation,\N
85-RUN-3347-330-B-R12B5,midSofteningRipening,,1,emmanuelle.zumstein,2016-08-05 00:00:00,\N,calculation,\N
85-RUN-3347-431-B-R11B7,midSofteningRipening,,1,emmanuelle.zumstein,2016-08-05 00:00:00,\N,calculation,\N
85-RUN-3347-342-B-R13B2,midSofteningRipening,,1,emmanuelle.zumstein,2016-08-06 00:00:00,\N,calculation,\N
85-RUN-3347-365-B-R11B5,midSofteningRipening,,1,emmanuelle.zumstein,2016-08-06 00:00:00,\N,calculation,\N
85-RUN-3347-320-B-R12B3,midSofteningRipening,,1,emmanuelle.zumstein,2016-08-07 00:00:00,\N,calculation,\N
85-RUN-3347-396-B-R12B4,midSofteningRipening,,1,emmanuelle.zumstein,2016-08-07 00:00:00,\N,calculation,\N
85-RUN-3322-339-N-R10B2,midSofteningRipening,,1,emmanuelle.zumstein,2016-08-08 00:00:00,\N,calculation,\N
85-RUN-3347-368-B-R12B2,midSofteningRipening,,1,emmanuelle.zumstein,2016-08-08 00:00:00,\N,calculation,\N
85-RUN-3347-364-B-R11B6,midSofteningRipening,,1,emmanuelle.zumstein,2016-08-10 00:00:00,\N,calculation,\N
85-RUN-3328-306-N-R10B5,softeningVeraison,%,0,emmanuelle.zumstein,2016-07-18 00:00:00,\N,calculation,\N
85-RUN-3160-27-4-N-R4B2,softeningVeraison,%,0,emmanuelle.zumstein,2016-07-21 00:00:00,\N,calculation,\N
85-RUN-3161-22-4-N-R4B3,softeningVeraison,%,8,emmanuelle.zumstein,2016-07-21 00:00:00,\N,calculation,\N
85-RUN-3180-16-8-N-R5B1,softeningVeraison,%,0,emmanuelle.zumstein,2016-07-21 00:00:00,\N,calculation,\N
85-RUN-3322-178-N-R10B3,softeningVeraison,%,0,emmanuelle.zumstein,2016-07-21 00:00:00,\N,calculation,\N
85-RUN-3322-226-N-R11B2,softeningVeraison,%,0,emmanuelle.zumstein,2016-07-21 00:00:00,\N,calculation,\N
85-RUN-3328-168-N-R10B6,softeningVeraison,%,0,emmanuelle.zumstein,2016-07-21 00:00:00,\N,calculation,\N
85-RUN-3328-306-N-R10B5,softeningVeraison,%,8,emmanuelle.zumstein,2016-07-21 00:00:00,\N,calculation,\N
85-RUN-CabernetSauvignon-R3B1,softeningVeraison,%,0,emmanuelle.zumstein,2016-07-21 00:00:00,\N,calculation,\N
85-RUN-Merlot-R2B3,softeningVeraison,%,0,emmanuelle.zumstein,2016-07-21 00:00:00,\N,calculation,\N
85-RUN-Syrah-R2B1,softeningVeraison,%,0,emmanuelle.zumstein,2016-07-21 00:00:00,\N,calculation,\N
85-RUN-3084-2-46-N-R4B1,softeningVeraison,%,0,emmanuelle.zumstein,2016-07-25 00:00:00,\N,calculation,\N
85-RUN-3160-27-4-N-R4B2,softeningVeraison,%,10,emmanuelle.zumstein,2016-07-25 00:00:00,\N,calculation,\N
85-RUN-3161-22-4-N-R4B3,softeningVeraison,%,12,emmanuelle.zumstein,2016-07-25 00:00:00,\N,calculation,\N
85-RUN-3180-16-8-N-R5B1,softeningVeraison,%,12,emmanuelle.zumstein,2016-07-25 00:00:00,\N,calculation,\N
85-RUN-3294-57-N-R10B7,softeningVeraison,%,0,emmanuelle.zumstein,2016-07-25 00:00:00,\N,calculation,\N
85-RUN-3322-178-N-R10B3,softeningVeraison,%,8,emmanuelle.zumstein,2016-07-25 00:00:00,\N,calculation,\N
85-RUN-3322-226-N-R11B2,softeningVeraison,%,18,emmanuelle.zumstein,2016-07-25 00:00:00,\N,calculation,\N
85-RUN-3322-285-N-R11B3,softeningVeraison,%,0,emmanuelle.zumstein,2016-07-25 00:00:00,\N,calculation,\N
85-RUN-3322-343-N-R11B4,softeningVeraison,%,0,emmanuelle.zumstein,2016-07-25 00:00:00,\N,calculation,\N
85-RUN-3328-168-N-R10B6,softeningVeraison,%,12,emmanuelle.zumstein,2016-07-25 00:00:00,\N,calculation,\N
85-RUN-3328-306-N-R10B5,softeningVeraison,%,32,emmanuelle.zumstein,2016-07-25 00:00:00,\N,calculation,\N
85-RUN-3347-330-B-R12B5,softeningVeraison,%,0,emmanuelle.zumstein,2016-07-25 00:00:00,\N,calculation,\N
85-RUN-3347-342-B-R13B2,softeningVeraison,%,0,emmanuelle.zumstein,2016-07-25 00:00:00,\N,calculation,\N
85-RUN-3347-365-B-R11B5,midFlowering,,1,emmanuelle.zumstein,2016-06-06 00:00:00,\N,calculation,\N
85-RUN-Marselan-R2B2,softeningVeraison,%,0,emmanuelle.zumstein,2016-07-25 00:00:00,\N,calculation,\N
85-RUN-Merlot-R2B3,softeningVeraison,%,4,emmanuelle.zumstein,2016-07-25 00:00:00,\N,calculation,\N
85-RUN-Syrah-R2B1,softeningVeraison,%,30,emmanuelle.zumstein,2016-07-25 00:00:00,\N,calculation,\N
85-RUN-3084-2-46-N-R4B1,softeningVeraison,%,14,emmanuelle.zumstein,2016-07-28 00:00:00,\N,calculation,\N
85-RUN-3160-27-4-N-R4B2,softeningVeraison,%,40,emmanuelle.zumstein,2016-07-28 00:00:00,\N,calculation,\N
85-RUN-3161-22-4-N-R4B3,softeningVeraison,%,46,emmanuelle.zumstein,2016-07-28 00:00:00,\N,calculation,\N
85-RUN-3180-16-8-N-R5B1,softeningVeraison,%,28,emmanuelle.zumstein,2016-07-28 00:00:00,\N,calculation,\N
85-RUN-3294-57-N-R10B7,softeningVeraison,%,10,emmanuelle.zumstein,2016-07-28 00:00:00,\N,calculation,\N
85-RUN-3322-178-N-R10B3,softeningVeraison,%,28,emmanuelle.zumstein,2016-07-28 00:00:00,\N,calculation,\N
85-RUN-3322-226-N-R11B2,softeningVeraison,%,46,emmanuelle.zumstein,2016-07-28 00:00:00,\N,calculation,\N
85-RUN-3322-285-N-R11B3,softeningVeraison,%,6,emmanuelle.zumstein,2016-07-28 00:00:00,\N,calculation,\N
85-RUN-3322-339-N-R10B2,softeningVeraison,%,0,emmanuelle.zumstein,2016-07-28 00:00:00,\N,calculation,\N
85-RUN-3322-343-N-R11B4,softeningVeraison,%,18,emmanuelle.zumstein,2016-07-28 00:00:00,\N,calculation,\N
85-RUN-3328-168-N-R10B6,softeningVeraison,%,34,emmanuelle.zumstein,2016-07-28 00:00:00,\N,calculation,\N
85-RUN-3328-177-N-R10B4,softeningVeraison,%,0,emmanuelle.zumstein,2016-07-28 00:00:00,\N,calculation,\N
85-RUN-3328-306-N-R10B5,softeningVeraison,%,42,emmanuelle.zumstein,2016-07-28 00:00:00,\N,calculation,\N
85-RUN-3347-320-B-R12B3,softeningVeraison,%,0,emmanuelle.zumstein,2016-07-28 00:00:00,\N,calculation,\N
85-RUN-3347-330-B-R12B5,softeningVeraison,%,10,emmanuelle.zumstein,2016-07-28 00:00:00,\N,calculation,\N
85-RUN-3347-342-B-R13B2,softeningVeraison,%,4,emmanuelle.zumstein,2016-07-28 00:00:00,\N,calculation,\N
85-RUN-3347-365-B-R11B5,softeningVeraison,%,0,emmanuelle.zumstein,2016-07-28 00:00:00,\N,calculation,\N
85-RUN-3347-396-B-R12B4,softeningVeraison,%,0,emmanuelle.zumstein,2016-07-28 00:00:00,\N,calculation,\N
85-RUN-3347-431-B-R11B7,softeningVeraison,%,20,emmanuelle.zumstein,2016-07-28 00:00:00,\N,calculation,\N
85-RUN-CabernetSauvignon-R3B1,softeningVeraison,%,16,emmanuelle.zumstein,2016-07-28 00:00:00,\N,calculation,\N
85-RUN-Marselan-R2B2,softeningVeraison,%,22,emmanuelle.zumstein,2016-07-28 00:00:00,\N,calculation,\N
85-RUN-Merlot-R2B3,softeningVeraison,%,30,emmanuelle.zumstein,2016-07-28 00:00:00,\N,calculation,\N
85-RUN-Syrah-R2B1,softeningVeraison,%,64,emmanuelle.zumstein,2016-07-28 00:00:00,\N,calculation,\N
85-RUN-3084-2-46-N-R4B1,softeningVeraison,%,38,emmanuelle.zumstein,2016-08-01 00:00:00,\N,calculation,\N
85-RUN-3160-27-4-N-R4B2,softeningVeraison,%,64,emmanuelle.zumstein,2016-08-01 00:00:00,\N,calculation,\N
85-RUN-3161-22-4-N-R4B3,softeningVeraison,%,84,emmanuelle.zumstein,2016-08-01 00:00:00,\N,calculation,\N
85-RUN-3294-57-N-R10B7,softeningVeraison,%,34,emmanuelle.zumstein,2016-08-01 00:00:00,\N,calculation,\N
85-RUN-3322-178-N-R10B3,softeningVeraison,%,50,emmanuelle.zumstein,2016-08-01 00:00:00,\N,calculation,\N
85-RUN-3322-226-N-R11B2,softeningVeraison,%,70,emmanuelle.zumstein,2016-08-01 00:00:00,\N,calculation,\N
85-RUN-3322-285-N-R11B3,softeningVeraison,%,38,emmanuelle.zumstein,2016-08-01 00:00:00,\N,calculation,\N
85-RUN-3322-339-N-R10B2,softeningVeraison,%,8,emmanuelle.zumstein,2016-08-01 00:00:00,\N,calculation,\N
85-RUN-3322-343-N-R11B4,softeningVeraison,%,62,emmanuelle.zumstein,2016-08-01 00:00:00,\N,calculation,\N
85-RUN-3328-168-N-R10B6,softeningVeraison,%,72,emmanuelle.zumstein,2016-08-01 00:00:00,\N,calculation,\N
85-RUN-3328-177-N-R10B4,softeningVeraison,%,14,emmanuelle.zumstein,2016-08-01 00:00:00,\N,calculation,\N
85-RUN-3328-306-N-R10B5,softeningVeraison,%,68,emmanuelle.zumstein,2016-08-01 00:00:00,\N,calculation,\N
85-RUN-3347-320-B-R12B3,softeningVeraison,%,8,emmanuelle.zumstein,2016-08-01 00:00:00,\N,calculation,\N
85-RUN-3347-330-B-R12B5,softeningVeraison,%,28,emmanuelle.zumstein,2016-08-01 00:00:00,\N,calculation,\N
85-RUN-3347-342-B-R13B2,softeningVeraison,%,30,emmanuelle.zumstein,2016-08-01 00:00:00,\N,calculation,\N
85-RUN-3347-364-B-R11B6,softeningVeraison,%,0,emmanuelle.zumstein,2016-08-01 00:00:00,\N,calculation,\N
85-RUN-3347-365-B-R11B5,softeningVeraison,%,8,emmanuelle.zumstein,2016-08-01 00:00:00,\N,calculation,\N
85-RUN-3347-368-B-R12B2,softeningVeraison,%,0,emmanuelle.zumstein,2016-08-01 00:00:00,\N,calculation,\N
85-RUN-3347-396-B-R12B4,softeningVeraison,%,18,emmanuelle.zumstein,2016-08-01 00:00:00,\N,calculation,\N
85-RUN-3347-431-B-R11B7,softeningVeraison,%,28,emmanuelle.zumstein,2016-08-01 00:00:00,\N,calculation,\N
85-RUN-CabernetSauvignon-R3B1,softeningVeraison,%,48,emmanuelle.zumstein,2016-08-01 00:00:00,\N,calculation,\N
85-RUN-Marselan-R2B2,softeningVeraison,%,60,emmanuelle.zumstein,2016-08-01 00:00:00,\N,calculation,\N
85-RUN-Merlot-R2B3,softeningVeraison,%,64,emmanuelle.zumstein,2016-08-01 00:00:00,\N,calculation,\N
85-RUN-CabernetSauvignon-R3B1,softeningVeraison,%,10,emmanuelle.zumstein,2016-07-25 00:00:00,\N,calculation,\N
85-RUN-3294-57-N-R10B7,softeningVeraison,%,60,emmanuelle.zumstein,2016-08-04 00:00:00,\N,calculation,\N
85-RUN-3322-178-N-R10B3,softeningVeraison,%,48,emmanuelle.zumstein,2016-08-04 00:00:00,\N,calculation,\N
85-RUN-3322-285-N-R11B3,softeningVeraison,%,62,emmanuelle.zumstein,2016-08-04 00:00:00,\N,calculation,\N
85-RUN-3322-339-N-R10B2,softeningVeraison,%,28,emmanuelle.zumstein,2016-08-04 00:00:00,\N,calculation,\N
85-RUN-3328-177-N-R10B4,softeningVeraison,%,50,emmanuelle.zumstein,2016-08-04 00:00:00,\N,calculation,\N
85-RUN-3347-320-B-R12B3,softeningVeraison,%,32,emmanuelle.zumstein,2016-08-04 00:00:00,\N,calculation,\N
85-RUN-3347-330-B-R12B5,softeningVeraison,%,48,emmanuelle.zumstein,2016-08-04 00:00:00,\N,calculation,\N
85-RUN-3347-342-B-R13B2,softeningVeraison,%,46,emmanuelle.zumstein,2016-08-04 00:00:00,\N,calculation,\N
85-RUN-3347-364-B-R11B6,softeningVeraison,%,12,emmanuelle.zumstein,2016-08-04 00:00:00,\N,calculation,\N
85-RUN-3347-365-B-R11B5,softeningVeraison,%,38,emmanuelle.zumstein,2016-08-04 00:00:00,\N,calculation,\N
85-RUN-3347-368-B-R12B2,softeningVeraison,%,18,emmanuelle.zumstein,2016-08-04 00:00:00,\N,calculation,\N
85-RUN-3347-396-B-R12B4,softeningVeraison,%,34,emmanuelle.zumstein,2016-08-04 00:00:00,\N,calculation,\N
85-RUN-3347-431-B-R11B7,softeningVeraison,%,36,emmanuelle.zumstein,2016-08-04 00:00:00,\N,calculation,\N
85-RUN-CabernetSauvignon-R3B1,softeningVeraison,%,52,emmanuelle.zumstein,2016-08-04 00:00:00,\N,calculation,\N
85-RUN-3084-2-46-N-R4B1,softeningVeraison,%,70,emmanuelle.zumstein,2016-08-08 00:00:00,\N,calculation,\N
85-RUN-3322-178-N-R10B3,softeningVeraison,%,68,emmanuelle.zumstein,2016-08-08 00:00:00,\N,calculation,\N
85-RUN-3322-339-N-R10B2,softeningVeraison,%,54,emmanuelle.zumstein,2016-08-08 00:00:00,\N,calculation,\N
85-RUN-3328-177-N-R10B4,softeningVeraison,%,66,emmanuelle.zumstein,2016-08-08 00:00:00,\N,calculation,\N
85-RUN-3347-320-B-R12B3,softeningVeraison,%,56,emmanuelle.zumstein,2016-08-08 00:00:00,\N,calculation,\N
85-RUN-3347-330-B-R12B5,softeningVeraison,%,66,emmanuelle.zumstein,2016-08-08 00:00:00,\N,calculation,\N
85-RUN-3347-342-B-R13B2,softeningVeraison,%,54,emmanuelle.zumstein,2016-08-08 00:00:00,\N,calculation,\N
85-RUN-3347-364-B-R11B6,softeningVeraison,%,22,emmanuelle.zumstein,2016-08-08 00:00:00,\N,calculation,\N
85-RUN-3347-365-B-R11B5,softeningVeraison,%,68,emmanuelle.zumstein,2016-08-08 00:00:00,\N,calculation,\N
85-RUN-3347-368-B-R12B2,softeningVeraison,%,48,emmanuelle.zumstein,2016-08-08 00:00:00,\N,calculation,\N
85-RUN-3347-396-B-R12B4,softeningVeraison,%,38,emmanuelle.zumstein,2016-08-08 00:00:00,\N,calculation,\N
85-RUN-3347-431-B-R11B7,softeningVeraison,%,68,emmanuelle.zumstein,2016-08-08 00:00:00,\N,calculation,\N
85-RUN-CabernetSauvignon-R3B1,softeningVeraison,%,72,emmanuelle.zumstein,2016-08-08 00:00:00,\N,calculation,\N
85-RUN-3347-364-B-R11B6,softeningVeraison,%,54,emmanuelle.zumstein,2016-08-10 00:00:00,\N,calculation,\N
85-RUN-3347-368-B-R12B2,softeningVeraison,%,66,emmanuelle.zumstein,2016-08-10 00:00:00,\N,calculation,\N
85-RUN-3347-396-B-R12B4,softeningVeraison,%,78,emmanuelle.zumstein,2016-08-10 00:00:00,\N,calculation,\N
85-RUN-3084-2-46-N-R4B1,flowering,%,40,emmanuelle.zumstein,2016-06-06 00:00:00,\N,Observation,\N
85-RUN-3322-343-N-R11B4,flowering,%,75,emmanuelle.zumstein,2016-06-06 00:00:00,\N,Observation,\N
85-RUN-3347-431-B-R11B7,probableAlcohol,%vol,12.22,emmanuelle.zumstein,2016-09-06 00:00:00,\N,abacus,\N
85-RUN-3347-330-B-R12B5,berriesNumber,,200,emmanuelle.zumstein,2016-09-06 00:00:00,\N,counting,\N
85-RUN-3347-364-B-R11B6,berriesNumber,,200,emmanuelle.zumstein,2016-09-06 00:00:00,\N,counting,\N
85-RUN-3347-342-B-R13B2,pH,,3.05,emmanuelle.zumstein,2016-09-06 00:00:00,\N,pHMetry,\N
85-RUN-3322-343-N-R11B4,berriesWeight,g,231.9,emmanuelle.zumstein,2016-09-06 00:00:00,\N,weighing,\N
85-RUN-3322-343-N-R11B4,harvestDate,,1,emmanuelle.zumstein,2016-09-14 00:00:00,\N,Observation,\N
85-RUN-3347-342-B-R13B2,midFlowering,,1,emmanuelle.zumstein,2016-06-06 00:00:00,\N,calculation,\N
85-RUN-CabernetSauvignon-R3B1,midSofteningRipening,,1,emmanuelle.zumstein,2016-08-03 00:00:00,\N,calculation,\N
85-RUN-3347-431-B-R11B7,softeningVeraison,%,0,emmanuelle.zumstein,2016-07-25 00:00:00,\N,calculation,\N
85-RUN-3180-16-8-N-R5B1,softeningVeraison,%,64,emmanuelle.zumstein,2016-08-01 00:00:00,\N,calculation,\N
85-RUN-3084-2-46-N-R4B1,softeningVeraison,%,54,emmanuelle.zumstein,2016-08-04 00:00:00,\N,calculation,\N
85-RUN-3084-2-46-N-R4B1,flowering,%,0,emmanuelle.zumstein,2016-05-30 00:00:00,\N,Observation,\N
85-RUN-3161-22-4-N-R4B3,softeningVeraison,%,0,emmanuelle.zumstein,2016-07-18 00:00:00,\N,calculation,\N
57-MERLOT,annualProduction,Kg,4771.6,\N,2016-12-31 00:00:00,\N,weighing,\N
106-RV-BOUQUET,annualProduction,Kg,4312.5,\N,2016-12-31 00:00:00,\N,weighing,\N
72-MOURVEDRE,annualProduction,Kg,5748,\N,2016-12-31 00:00:00,\N,weighing,\N
85-RUN,annualProduction,Kg,1129.5,\N,2016-12-31 00:00:00,\N,weighing,\N
57-MERLOT-sp,annualProduction,Kg,3843.8,\N,2016-12-31 00:00:00,\N,weighing,\N
Chapitre,annualProduction,Kg,1324,\N,2016-12-31 00:00:00,\N,weighing,\N
72-NV-68-11-CABESTREL,annualProduction,Kg,153.5,\N,2016-12-31 00:00:00,\N,weighing,\N
72-NV-MARSELAN,annualProduction,Kg,165.5,\N,2016-12-31 00:00:00,\N,weighing,\N
72-SYRAH,annualProduction,Kg,4105,\N,2016-12-31 00:00:00,\N,weighing,\N
57-VDQA-G07-N,annualProduction,Kg,69,\N,2016-12-31 00:00:00,\N,weighing,\N
57-VDQA-G14-N,annualProduction,Kg,93.5,\N,2016-12-31 00:00:00,\N,weighing,\N
57-VDQA-G05-B,annualProduction,Kg,120.5,\N,2016-12-31 00:00:00,\N,weighing,\N
106-3160N-MT,annualProduction,Kg,321.5,\N,2016-12-31 00:00:00,\N,weighing,\N
106-3159B-MT,annualProduction,Kg,585.5,\N,2016-12-31 00:00:00,\N,weighing,\N
106-RV-BOUQUET,annualYield,Kg/ha,3169,\N,2016-12-31 00:00:00,\N,calculation,\N
106-3159B,annualProduction,Kg,1758,\N,2016-12-31 00:00:00,\N,weighing,\N
106-3160N,annualProduction,Kg,758.5,\N,2016-12-31 00:00:00,\N,weighing,\N
106-3176N,annualProduction,Kg,1796,\N,2016-12-31 00:00:00,\N,weighing,\N
57-MERLOT,annualYield,Kg/ha,8627,\N,2016-12-31 00:00:00,\N,calculation,\N
72-MOURVEDRE,annualYield,Kg/ha,4920,\N,2016-12-31 00:00:00,\N,calculation,\N
85-RUN,annualYield,Kg/ha,4373,\N,2016-12-31 00:00:00,\N,calculation,\N
72-NV-68-11-CABESTREL,annualYield,Kg/ha,6732,\N,2016-12-31 00:00:00,\N,calculation,\N
72-NV-MARSELAN,annualYield,Kg/ha,8034,\N,2016-12-31 00:00:00,\N,calculation,\N
72-SYRAH,annualYield,Kg/ha,4844,\N,2016-12-31 00:00:00,\N,calculation,\N
106-3160N-MT,annualYield,Kg/ha,3027,\N,2016-12-31 00:00:00,\N,calculation,\N
106-3159B-MT,annualYield,Kg/ha,3394,\N,2016-12-31 00:00:00,\N,calculation,\N
106-3159B,annualYield,Kg/ha,3368,\N,2016-12-31 00:00:00,\N,calculation,\N
106-3160N,annualYield,Kg/ha,2173,\N,2016-12-31 00:00:00,\N,calculation,\N
106-3176N,annualYield,Kg/ha,3965,\N,2016-12-31 00:00:00,\N,calculation,\N
57-MERLOT-sp,annualYield,Kg/ha,11129,\N,2016-12-31 00:00:00,\N,calculation,\N
57-MERLOT,Irrigation,mm,3.07,nicolas.saurin,2016-04-26 00:00:00,\N,calculation,\N
57-MERLOT,Irrigation,mm,3.98,nicolas.saurin,2016-05-02 00:00:00,\N,calculation,\N
57-MERLOT,Irrigation,mm,5.79,nicolas.saurin,2016-05-26 00:00:00,\N,calculation,\N
57-MERLOT,Irrigation,mm,0.72,nicolas.saurin,2016-05-31 00:00:00,\N,calculation,\N
57-MERLOT,Irrigation,mm,1.99,nicolas.saurin,2016-06-01 00:00:00,\N,calculation,\N
57-MERLOT,Irrigation,mm,2.8,nicolas.saurin,2016-06-06 00:00:00,\N,calculation,\N
57-MERLOT,Irrigation,mm,3.71,nicolas.saurin,2016-06-07 00:00:00,\N,calculation,\N
57-MERLOT,Irrigation,mm,3.44,nicolas.saurin,2016-06-16 00:00:00,\N,calculation,\N
57-MERLOT,Irrigation,mm,2.8,yasemen.yildiz,2016-06-20 00:00:00,\N,calculation,\N
57-MERLOT,Irrigation,mm,1.72,yasemen.yildiz,2016-06-21 00:00:00,\N,calculation,\N
57-MERLOT,Irrigation,mm,5.42,yasemen.yildiz,2016-06-28 00:00:00,\N,calculation,\N
57-MERLOT,Irrigation,mm,4.97,yasemen.yildiz,2016-07-05 00:00:00,\N,calculation,\N
57-MERLOT,Irrigation,mm,5.6,yasemen.yildiz,2016-07-09 00:00:00,\N,calculation,\N
57-MERLOT,Irrigation,mm,3.34,yasemen.yildiz,2016-07-11 00:00:00,\N,calculation,\N
57-MERLOT,Irrigation,mm,2.17,yasemen.yildiz,2016-07-12 00:00:00,\N,calculation,\N
57-MERLOT,Irrigation,mm,6.33,yasemen.yildiz,2016-07-15 00:00:00,\N,calculation,\N
57-MERLOT,Irrigation,mm,2.98,yasemen.yildiz,2016-07-17 00:00:00,\N,calculation,\N
57-MERLOT,Irrigation,mm,7.77,yasemen.yildiz,2016-07-18 00:00:00,\N,calculation,\N
57-MERLOT,Irrigation,mm,5.06,yasemen.yildiz,2016-07-23 00:00:00,\N,calculation,\N
57-MERLOT,Irrigation,mm,2.35,yasemen.yildiz,2016-07-25 00:00:00,\N,calculation,\N
57-MERLOT,Irrigation,mm,2.8,yasemen.yildiz,2016-07-27 00:00:00,\N,calculation,\N
57-MERLOT,Irrigation,mm,3.44,yasemen.yildiz,2016-07-29 00:00:00,\N,calculation,\N
57-MERLOT,Irrigation,mm,4.97,yasemen.yildiz,2016-08-03 00:00:00,\N,calculation,\N
57-MERLOT,Irrigation,mm,6.69,yasemen.yildiz,2016-08-07 00:00:00,\N,calculation,\N
57-MERLOT,Irrigation,mm,2.08,yasemen.yildiz,2016-08-09 00:00:00,\N,calculation,\N
57-MERLOT,Irrigation,mm,2.89,yasemen.yildiz,2016-08-10 00:00:00,\N,calculation,\N
57-MERLOT,Irrigation,mm,2.71,yasemen.yildiz,2016-08-12 00:00:00,\N,calculation,\N
57-MERLOT,Irrigation,mm,2.35,yasemen.yildiz,2016-08-13 00:00:00,\N,calculation,\N
57-MERLOT,Irrigation,mm,1.99,yasemen.yildiz,2016-08-16 00:00:00,\N,calculation,\N
57-MERLOT,Irrigation,mm,2.53,yasemen.yildiz,2016-08-17 00:00:00,\N,calculation,\N
57-MERLOT,Irrigation,mm,6.51,yasemen.yildiz,2016-08-21 00:00:00,\N,calculation,\N
57-MERLOT,Irrigation,mm,6.06,yasemen.yildiz,2016-08-26 00:00:00,\N,calculation,\N
57-MERLOT,Irrigation,mm,6.51,yasemen.yildiz,2016-08-31 00:00:00,\N,calculation,\N
57-MERLOT,Irrigation,mm,5.24,yasemen.yildiz,2016-09-04 00:00:00,\N,calculation,\N
57-VDQA-G02-N,annualProduction,Kg,401.5,\N,2016-12-31 00:00:00,\N,weighing,\N
57-VDQA-G05-B,probableAlcohol,%vol,11.13,emmanuelle.zumstein,2016-08-31 00:00:00,\N,abacus,\N
57-VDQA-G05-B,DegreBrix,°B,19.6,emmanuelle.zumstein,2016-08-31 00:00:00,\N,refractometry,\N
57-VDQA-G14-N,probableAlcohol,%vol,11.27,emmanuelle.zumstein,2016-08-31 00:00:00,\N,abacus,\N
57-VDQA-G05-B,pH,,3.35,emmanuelle.zumstein,2016-08-31 00:00:00,\N,pHMetry,\N
57-VDQA-G14-N,pH,,3.26,emmanuelle.zumstein,2016-08-31 00:00:00,\N,pHMetry,\N
57-VDQA-G05-B,sugars,g/l,187.4,emmanuelle.zumstein,2016-08-31 00:00:00,\N,abacus,\N
106-3159B,annualProduction,Kg,1074.5,\N,2017-12-31 00:00:00,\N,weighing,\N
106-3160N,annualProduction,Kg,613.6,\N,2017-12-31 00:00:00,\N,weighing,\N
106-3160N-LP,annualProduction,Kg,361.1,\N,2017-12-31 00:00:00,\N,weighing,\N
106-3176N,annualProduction,Kg,2024.5,\N,2017-12-31 00:00:00,\N,weighing,\N
106-3176N-ESP,annualProduction,Kg,616.5,\N,2017-12-31 00:00:00,\N,weighing,\N
106-3176N-LP,annualProduction,Kg,1113.5,\N,2017-12-31 00:00:00,\N,weighing,\N
106-3176N-MT,annualProduction,Kg,294.5,\N,2017-12-31 00:00:00,\N,weighing,\N
106-RV-BOUQUET,annualProduction,Kg,3712.6,\N,2017-12-31 00:00:00,\N,weighing,\N
57-MERLOT,annualProduction,Kg,5035,\N,2017-12-31 00:00:00,\N,weighing,\N
57-MERLOT-sp,annualProduction,Kg,2404.9,\N,2017-12-31 00:00:00,\N,weighing,\N
57-VDQA-G05-B,annualProduction,Kg,370.2,\N,2017-12-31 00:00:00,\N,weighing,\N
57-VDQA-G14-N,annualProduction,Kg,395.4,\N,2017-12-31 00:00:00,\N,weighing,\N
57-VDQA-G02-N,annualProduction,Kg,537.5,\N,2017-12-31 00:00:00,\N,weighing,\N
72-MOURVEDRE,annualProduction,Kg,5886.4,\N,2017-12-31 00:00:00,\N,weighing,\N
72-MOURVEDRE-sp,annualProduction,Kg,1085,\N,2017-12-31 00:00:00,\N,weighing,\N
72-NV-68-11-CABESTREL,annualProduction,Kg,115.2,\N,2017-12-31 00:00:00,\N,weighing,\N
72-NV-MARSELAN,annualProduction,Kg,133.2,\N,2017-12-31 00:00:00,\N,weighing,\N
72-SYRAH,annualProduction,Kg,4553,\N,2017-12-31 00:00:00,\N,weighing,\N
85-RESDUR,annualProduction,Kg,1556.5,\N,2017-12-31 00:00:00,\N,weighing,\N
85-RUN,annualProduction,Kg,2176.1,\N,2017-12-31 00:00:00,\N,weighing,\N
106-3159B,annualYield,Kg/ha,2058,\N,2017-12-31 00:00:00,\N,calculation,\N
106-3160N,annualYield,Kg/ha,1758,\N,2017-12-31 00:00:00,\N,calculation,\N
106-3160N-LP,annualYield,Kg/ha,2365,\N,2017-12-31 00:00:00,\N,calculation,\N
106-3176N,annualYield,Kg/ha,4469,\N,2017-12-31 00:00:00,\N,calculation,\N
106-3176N-ESP,annualYield,Kg/ha,3870,\N,2017-12-31 00:00:00,\N,calculation,\N
106-3176N-LP,annualYield,Kg/ha,7264,\N,2017-12-31 00:00:00,\N,calculation,\N
106-3176N-MT,annualYield,Kg/ha,2098,\N,2017-12-31 00:00:00,\N,calculation,\N
57-MERLOT,annualYield,Kg/ha,9103,\N,2017-12-31 00:00:00,\N,calculation,\N
57-MERLOT-sp,annualYield,Kg/ha,6963,\N,2017-12-31 00:00:00,\N,calculation,\N
72-MOURVEDRE,annualYield,Kg/ha,5038,\N,2017-12-31 00:00:00,\N,calculation,\N
57-VDQA-G02-N,annualYield,Kg/ha,23472,\N,2017-12-31 00:00:00,\N,calculation,\N
57-VDQA-G05-B,annualYield,Kg/ha,15110,\N,2017-12-31 00:00:00,\N,calculation,\N
57-VDQA-G14-N,annualYield,Kg/ha,18138,\N,2017-12-31 00:00:00,\N,calculation,\N
106-RV-BOUQUET,annualYield,Kg/ha,2728,\N,2017-12-31 00:00:00,\N,calculation,\N
72-MOURVEDRE-sp,annualYield,Kg/ha,4835,\N,2017-12-31 00:00:00,\N,calculation,\N
72-NV-68-11-CABESTREL,annualYield,Kg/ha,5053,\N,2017-12-31 00:00:00,\N,calculation,\N
72-NV-MARSELAN,annualYield,Kg/ha,6466,\N,2017-12-31 00:00:00,\N,calculation,\N
72-SYRAH,annualYield,Kg/ha,5372,\N,2017-12-31 00:00:00,\N,calculation,\N
85-RESDUR,annualYield,Kg/ha,5450,\N,2017-12-31 00:00:00,\N,calculation,\N
85-RUN,annualYield,Kg/ha,6551,\N,2017-12-31 00:00:00,\N,calculation,\N
57-MERLOT,Irrigation,mm,11.8,davide.pisano,2017-07-20 00:00:00,\N,calculation,\N
57-MERLOT,Irrigation,mm,2.7,davide.pisano,2017-07-24 00:00:00,\N,calculation,\N
57-MERLOT,Irrigation,mm,5,davide.pisano,2017-07-26 00:00:00,\N,calculation,\N
57-MERLOT,Irrigation,mm,3.1,nicolas.saurin,2017-07-31 00:00:00,\N,calculation,\N
57-MERLOT,Irrigation,mm,4.7,davide.pisano,2017-07-02 00:00:00,\N,calculation,\N
57-MERLOT,Irrigation,mm,4.7,davide.pisano,2017-08-08 00:00:00,\N,calculation,\N
57-MERLOT,Irrigation,mm,4.3,davide.pisano,2017-08-11 00:00:00,\N,calculation,\N
57-MERLOT,Irrigation,mm,5.4,davide.pisano,2017-08-18 00:00:00,\N,calculation,\N
57-MERLOT,Irrigation,mm,4.7,davide.pisano,2017-08-25 00:00:00,\N,calculation,\N
57-MERLOT,Irrigation,mm,0.6,davide.pisano,2017-06-26 00:00:00,\N,calculation,\N
57-MERLOT,Irrigation,mm,2.2,davide.pisano,2017-06-27 00:00:00,\N,calculation,\N
57-MERLOT,Irrigation,mm,4.7,davide.pisano,2017-07-03 00:00:00,\N,calculation,\N
57-MERLOT,Irrigation,mm,5,davide.pisano,2017-07-07 00:00:00,\N,calculation,\N
57-MERLOT,Irrigation,mm,5.3,davide.pisano,2017-07-11 00:00:00,\N,calculation,\N
57-MERLOT,Irrigation,mm,8.9,davide.pisano,2017-07-17 00:00:00,\N,calculation,\N
57-MERLOT,Irrigation,mm,0.8,jj.regadera,2017-04-21 00:00:00,\N,calculation,\N
57-MERLOT,Irrigation,mm,5,davide.pisano,2017-05-24 00:00:00,\N,calculation,\N
57-MERLOT,Irrigation,mm,4.9,davide.pisano,2017-06-01 00:00:00,\N,calculation,\N
57-MERLOT,Irrigation,mm,8.4,davide.pisano,2017-06-09 00:00:00,\N,calculation,\N
57-MERLOT,Irrigation,mm,1.4,davide.pisano,2017-06-12 00:00:00,\N,calculation,\N
57-MERLOT,Irrigation,mm,0.9,davide.pisano,2017-06-15 00:00:00,\N,calculation,\N
57-MERLOT,Irrigation,mm,1.5,davide.pisano,2017-06-16 00:00:00,\N,calculation,\N
57-MERLOT,Irrigation,mm,5.1,davide.pisano,2017-06-19 00:00:00,\N,calculation,\N
57-MERLOT,Irrigation,mm,3.7,jj.regadera,2017-06-22 00:00:00,\N,calculation,\N
57-MERLOT,Irrigation,mm,3.2,jj.regadera,2017-06-23 00:00:00,\N,calculation,\N
57-VDQA-G05-B,totalAcidity,gH2SO4/l,3.92,emmanuelle.zumstein,2016-08-31 00:00:00,\N,electrotitrimetry,\N
57-VDQA-G14-N,totalAcidity,gH2SO4/l,4.98,emmanuelle.zumstein,2016-08-31 00:00:00,\N,electrotitrimetry,\N
57-VDQA-G14-N,DegreBrix,°B,19.8,emmanuelle.zumstein,2016-08-31 00:00:00,\N,refractometry,\N
57-VDQA-G14-N,sugars,g/l,189.7,emmanuelle.zumstein,2016-08-31 00:00:00,\N,abacus,\N
57-VDQA-G09-B,totalAcidity,gH2SO4/l,5.88,emmanuelle.zumstein,2016-08-31 00:00:00,\N,electrotitrimetry,\N
57-VDQA-G09-B,totalAcidity,gH2SO4/l,4.35,emmanuelle.zumstein,2016-09-06 00:00:00,\N,electrotitrimetry,\N
57-VDQA-G09-B,probableAlcohol,%vol,8.6,emmanuelle.zumstein,2016-08-31 00:00:00,\N,abacus,\N
57-VDQA-G09-B,probableAlcohol,%vol,11.81,emmanuelle.zumstein,2016-09-06 00:00:00,\N,abacus,\N
57-VDQA-G09-B,DegreBrix,°B,15.8,emmanuelle.zumstein,2016-08-31 00:00:00,\N,refractometry,\N
57-VDQA-G09-B,DegreBrix,°B,20.6,emmanuelle.zumstein,2016-09-06 00:00:00,\N,refractometry,\N
57-VDQA-G09-B,berriesNumber,,200,emmanuelle.zumstein,2016-09-06 00:00:00,\N,counting,\N
57-VDQA-G09-B,pH,,3.05,emmanuelle.zumstein,2016-08-31 00:00:00,\N,pHMetry,\N
57-VDQA-G09-B,pH,,3.24,emmanuelle.zumstein,2016-09-06 00:00:00,\N,pHMetry,\N
57-VDQA-G09-B,oneBerryWeight,g,3.43,emmanuelle.zumstein,2016-09-06 00:00:00,\N,calculation,\N
57-VDQA-G09-B,berriesWeight,g,686.8,emmanuelle.zumstein,2016-09-06 00:00:00,\N,weighing,\N
57-VDQA-G09-B,sugars,g/l,144.8,emmanuelle.zumstein,2016-08-31 00:00:00,\N,abacus,\N
57-VDQA-G09-B,sugars,g/l,198.8,emmanuelle.zumstein,2016-09-06 00:00:00,\N,abacus,\N
57-VDQA-G09-B,annualProduction,Kg,243.3,\N,2016-12-31 00:00:00,\N,weighing,\N
57-VDQA-G09-B,annualProduction,Kg,252,\N,2017-12-31 00:00:00,\N,weighing,\N
57-VDQA-G09-B,annualYield,Kg/ha,6364,\N,2017-12-31 00:00:00,\N,calculation,\N
106-3160N-ESP-HAUT-P04,VE_PotentielBaseMoyen,MPa,-0.62,yasemen.yildiz,2016-07-07 00:00:00,\N,pressureChamber,02:40
106-3160N-ESP-HAUT-P11,VE_PotentielBaseMoyen,MPa,-0.45,miguel.delucchi,2016-07-07 00:00:00,\N,pressureChamber,02:40
106-3159B-ESP-HAUT-P04,VE_PotentielBaseMoyen,MPa,-0.72,yasemen.yildiz,2016-07-07 00:00:00,\N,pressureChamber,03:00
106-3159B-ESP-HAUT-P11,VE_PotentielBaseMoyen,MPa,-0.61,miguel.delucchi,2016-07-07 00:00:00,\N,pressureChamber,03:00
106-3176N-ESP-HAUT-P04,VE_PotentielBaseMoyen,MPa,-0.62,yasemen.yildiz,2016-07-07 00:00:00,\N,pressureChamber,03:00
106-3176N-ESP-HAUT-P11,VE_PotentielBaseMoyen,MPa,-0.48,miguel.delucchi,2016-07-07 00:00:00,\N,pressureChamber,03:00
106-3160N-ESP-HAUT-P04,VE_PotentielBaseMoyen,MPa,-0.66,noelie.cerdan,2016-07-27 00:00:00,\N,pressureChamber,03:40
106-3159B-ESP-HAUT-P11-C6,grapeNumber,,13,\N,2017-08-28 00:00:00,\N,counting,\N
106-3160N-ESP-HAUT-P11,VE_PotentielBaseMoyen,MPa,-0.57,miguel.delucchi,2016-07-27 00:00:00,\N,pressureChamber,03:40
106-3159B-ESP-HAUT-P04,VE_PotentielBaseMoyen,MPa,-0.66,noelie.cerdan,2016-07-27 00:00:00,\N,pressureChamber,03:40
106-3159B-ESP-HAUT-P11,VE_PotentielBaseMoyen,MPa,-0.71,miguel.delucchi,2016-07-27 00:00:00,\N,pressureChamber,03:40
106-3176N-ESP-HAUT-P04,VE_PotentielBaseMoyen,MPa,-0.63,noelie.cerdan,2016-07-27 00:00:00,\N,pressureChamber,03:40
106-3176N-ESP-HAUT-P11,VE_PotentielBaseMoyen,MPa,-0.57,miguel.delucchi,2016-07-27 00:00:00,\N,pressureChamber,03:40
106-3160N-ESP-HAUT-P04,VE_PotentielBaseMoyen,MPa,-0.81,ricardo.tello,2016-08-09 00:00:00,\N,pressureChamber,03:55
106-3160N-ESP-HAUT-P11,VE_PotentielBaseMoyen,MPa,-0.45,rosario.sanchez,2016-08-09 00:00:00,\N,pressureChamber,03:55
106-3159B-ESP-HAUT-P04,VE_PotentielBaseMoyen,MPa,-0.92,rosario.sanchez,2016-08-09 00:00:00,\N,pressureChamber,04:05
106-3159B-ESP-HAUT-P11,VE_PotentielBaseMoyen,MPa,-0.8,ricardo.tello,2016-08-09 00:00:00,\N,pressureChamber,04:05
106-3176N-ESP-HAUT-P04,VE_PotentielBaseMoyen,MPa,-0.87,rosario.sanchez,2016-08-09 00:00:00,\N,pressureChamber,04:15
106-3176N-ESP-HAUT-P11,VE_PotentielBaseMoyen,MPa,-0.68,ricardo.tello,2016-08-09 00:00:00,\N,pressureChamber,04:15
106-3160N-ESP-HAUT-P04,VE_PotentielBaseMoyen,MPa,-0.28,joanna.denis,2017-07-04 00:00:00,\N,pressureChamber,03:00
106-3160N-ESP-HAUT-P11,VE_PotentielBaseMoyen,MPa,-0.25,lautaro.garcia,2017-07-04 00:00:00,\N,pressureChamber,03:00
106-3159B-ESP-HAUT-P04,VE_PotentielBaseMoyen,MPa,-0.3,joanna.denis,2017-07-04 00:00:00,\N,pressureChamber,03:00
106-3159B-ESP-HAUT-P11,VE_PotentielBaseMoyen,MPa,-0.36,lautaro.garcia,2017-07-04 00:00:00,\N,pressureChamber,03:00
106-3176N-ESP-HAUT-P04,VE_PotentielBaseMoyen,MPa,-0.27,joanna.denis,2017-07-04 00:00:00,\N,pressureChamber,03:00
106-3176N-ESP-HAUT-P11,VE_PotentielBaseMoyen,MPa,-0.26,lautaro.garcia,2017-07-04 00:00:00,\N,pressureChamber,03:00
106-3160N-ESP-HAUT-P04,VE_PotentielBaseMoyen,MPa,-0.51,teodora.depedro,2017-08-01 00:00:00,\N,pressureChamber,03:00
106-3160N-ESP-HAUT-P11,VE_PotentielBaseMoyen,MPa,-0.25,teodora.depedro,2017-08-01 00:00:00,\N,pressureChamber,03:00
106-3159B-ESP-HAUT-P04,VE_PotentielBaseMoyen,MPa,-0.53,lautaro.garcia,2017-08-01 00:00:00,\N,pressureChamber,03:00
106-3159B-ESP-HAUT-P11,VE_PotentielBaseMoyen,MPa,-0.43,lautaro.garcia,2017-08-01 00:00:00,\N,pressureChamber,03:00
106-3176N-ESP-HAUT-P04,VE_PotentielBaseMoyen,MPa,-0.6,lautaro.garcia,2017-08-01 00:00:00,\N,pressureChamber,03:00
106-3176N-ESP-HAUT-P11,VE_PotentielBaseMoyen,MPa,-0.39,teodora.depedro,2017-08-01 00:00:00,\N,pressureChamber,03:00
106-3160N-ESP-HAUT-P04-C1,grapeNumber,,4,\N,2017-08-25 00:00:00,\N,counting,\N
106-3160N-ESP-HAUT-P04-C2,grapeNumber,,3,\N,2017-08-25 00:00:00,\N,counting,\N
106-3160N-ESP-HAUT-P04-C4,grapeNumber,,16,\N,2017-08-25 00:00:00,\N,counting,\N
106-3160N-ESP-HAUT-P04-C5,grapeNumber,,6,\N,2017-08-25 00:00:00,\N,counting,\N
106-3160N-ESP-HAUT-P04-C6,grapeNumber,,4,\N,2017-08-25 00:00:00,\N,counting,\N
106-3160N-ESP-HAUT-P08-C2,grapeNumber,,5,\N,2017-08-25 00:00:00,\N,counting,\N
106-3160N-ESP-HAUT-P08-C3,grapeNumber,,16,\N,2017-08-25 00:00:00,\N,counting,\N
106-3160N-ESP-HAUT-P08-C5,grapeNumber,,17,\N,2017-08-25 00:00:00,\N,counting,\N
106-3160N-ESP-HAUT-P08-C6,grapeNumber,,9,\N,2017-08-25 00:00:00,\N,counting,\N
106-3160N-ESP-HAUT-P11-C1,grapeNumber,,13,\N,2017-08-25 00:00:00,\N,counting,\N
106-3160N-ESP-HAUT-P11-C2,grapeNumber,,9,\N,2017-08-25 00:00:00,\N,counting,\N
106-3160N-ESP-HAUT-P11-C3,grapeNumber,,0,\N,2017-08-25 00:00:00,\N,counting,\N
106-3160N-ESP-HAUT-P11-C4,grapeNumber,,6,\N,2017-08-25 00:00:00,\N,counting,\N
106-3160N-ESP-HAUT-P11-C5,grapeNumber,,18,\N,2017-08-25 00:00:00,\N,counting,\N
106-3160N-ESP-HAUT-P11-C6,grapeNumber,,9,\N,2017-08-25 00:00:00,\N,counting,\N
106-3160N-ESP-HAUT-P15-C1,grapeNumber,,12,\N,2017-08-25 00:00:00,\N,counting,\N
106-3160N-ESP-HAUT-P15-C3,grapeNumber,,2,\N,2017-08-25 00:00:00,\N,counting,\N
106-3160N-ESP-HAUT-P15-C4,grapeNumber,,15,\N,2017-08-25 00:00:00,\N,counting,\N
106-3160N-ESP-HAUT-P15-C5,grapeNumber,,0,\N,2017-08-25 00:00:00,\N,counting,\N
106-3160N-ESP-HAUT-P15-C6,grapeNumber,,13,\N,2017-08-25 00:00:00,\N,counting,\N
106-3159B-ESP-HAUT-P04-C1,grapeNumber,,20,\N,2017-08-28 00:00:00,\N,counting,\N
106-3159B-ESP-HAUT-P04-C2,grapeNumber,,1,\N,2017-08-28 00:00:00,\N,counting,\N
106-3159B-ESP-HAUT-P04-C3,grapeNumber,,4,\N,2017-08-28 00:00:00,\N,counting,\N
106-3159B-ESP-HAUT-P04-C4,grapeNumber,,11,\N,2017-08-28 00:00:00,\N,counting,\N
106-3159B-ESP-HAUT-P04-C5,grapeNumber,,5,\N,2017-08-28 00:00:00,\N,counting,\N
106-3159B-ESP-HAUT-P04-C6,grapeNumber,,13,\N,2017-08-28 00:00:00,\N,counting,\N
106-3159B-ESP-HAUT-P11-C1,grapeNumber,,28,\N,2017-08-28 00:00:00,\N,counting,\N
106-3159B-ESP-HAUT-P11-C2,grapeNumber,,14,\N,2017-08-28 00:00:00,\N,counting,\N
106-3159B-ESP-HAUT-P11-C3,grapeNumber,,5,\N,2017-08-28 00:00:00,\N,counting,\N
106-3159B-ESP-HAUT-P11-C4,grapeNumber,,9,\N,2017-08-28 00:00:00,\N,counting,\N
106-3159B-ESP-HAUT-P11-C5,grapeNumber,,1,\N,2017-08-28 00:00:00,\N,counting,\N
106-3159B-ESP-HAUT-P15-C1,grapeNumber,,16,\N,2017-08-28 00:00:00,\N,counting,\N
106-3159B-ESP-HAUT-P15-C2,grapeNumber,,4,\N,2017-08-28 00:00:00,\N,counting,\N
106-3159B-ESP-HAUT-P15-C3,grapeNumber,,12,\N,2017-08-28 00:00:00,\N,counting,\N
106-3159B-ESP-HAUT-P15-C4,grapeNumber,,2,\N,2017-08-28 00:00:00,\N,counting,\N
106-3159B-ESP-HAUT-P15-C5,grapeNumber,,4,\N,2017-08-28 00:00:00,\N,counting,\N
106-3159B-ESP-HAUT-P15-C6,grapeNumber,,5,\N,2017-08-28 00:00:00,\N,counting,\N
106-3159B-ESP-HAUT-P20-C1,grapeNumber,,4,\N,2017-08-28 00:00:00,\N,counting,\N
106-3159B-ESP-HAUT-P20-C2,grapeNumber,,1,\N,2017-08-28 00:00:00,\N,counting,\N
106-3159B-ESP-HAUT-P20-C3,grapeNumber,,1,\N,2017-08-28 00:00:00,\N,counting,\N
106-3159B-ESP-HAUT-P20-C4,grapeNumber,,12,\N,2017-08-28 00:00:00,\N,counting,\N
106-3159B-ESP-HAUT-P20-C5,grapeNumber,,13,\N,2017-08-28 00:00:00,\N,counting,\N
106-3159B-ESP-HAUT-P20-C6,grapeNumber,,8,\N,2017-08-28 00:00:00,\N,counting,\N
106-3160N-ESP-HAUT-P04-C1,PoidsVendange,Kg,0.533,\N,2017-08-25 00:00:00,\N,weighing,\N
106-3160N-ESP-HAUT-P04-C2,PoidsVendange,Kg,0.344,\N,2017-08-25 00:00:00,\N,weighing,\N
106-3160N-ESP-HAUT-P04-C4,PoidsVendange,Kg,2.159,\N,2017-08-25 00:00:00,\N,weighing,\N
106-3160N-ESP-HAUT-P04-C5,PoidsVendange,Kg,0.64,\N,2017-08-25 00:00:00,\N,weighing,\N
106-3160N-ESP-HAUT-P04-C6,PoidsVendange,Kg,0.236,\N,2017-08-25 00:00:00,\N,weighing,\N
106-3160N-ESP-HAUT-P08-C2,PoidsVendange,Kg,0.616,\N,2017-08-25 00:00:00,\N,weighing,\N
106-3160N-ESP-HAUT-P08-C3,PoidsVendange,Kg,0.927,\N,2017-08-25 00:00:00,\N,weighing,\N
106-3160N-ESP-HAUT-P08-C5,PoidsVendange,Kg,2.033,\N,2017-08-25 00:00:00,\N,weighing,\N
106-3160N-ESP-HAUT-P08-C6,PoidsVendange,Kg,0.662,\N,2017-08-25 00:00:00,\N,weighing,\N
106-3160N-ESP-HAUT-P11-C1,PoidsVendange,Kg,1.88,\N,2017-08-25 00:00:00,\N,weighing,\N
106-3160N-ESP-HAUT-P11-C2,PoidsVendange,Kg,1.099,\N,2017-08-25 00:00:00,\N,weighing,\N
106-3160N-ESP-HAUT-P11-C3,PoidsVendange,Kg,0,\N,2017-08-25 00:00:00,\N,weighing,\N
106-3160N-ESP-HAUT-P11-C4,PoidsVendange,Kg,0.534,\N,2017-08-25 00:00:00,\N,weighing,\N
106-3160N-ESP-HAUT-P11-C5,PoidsVendange,Kg,3.127,\N,2017-08-25 00:00:00,\N,weighing,\N
106-3160N-ESP-HAUT-P11-C6,PoidsVendange,Kg,0.822,\N,2017-08-25 00:00:00,\N,weighing,\N
106-3160N-ESP-HAUT-P15-C1,PoidsVendange,Kg,1.917,\N,2017-08-25 00:00:00,\N,weighing,\N
106-3160N-ESP-HAUT-P15-C3,PoidsVendange,Kg,0.4,\N,2017-08-25 00:00:00,\N,weighing,\N
106-3160N-ESP-HAUT-P15-C4,PoidsVendange,Kg,2.566,\N,2017-08-25 00:00:00,\N,weighing,\N
106-3160N-ESP-HAUT-P15-C5,PoidsVendange,Kg,0,\N,2017-08-25 00:00:00,\N,weighing,\N
106-3160N-ESP-HAUT-P15-C6,PoidsVendange,Kg,1.729,\N,2017-08-25 00:00:00,\N,weighing,\N
106-3159B-ESP-HAUT-P04-C1,PoidsVendange,Kg,3.02,\N,2017-08-28 00:00:00,\N,weighing,\N
106-3159B-ESP-HAUT-P04-C2,PoidsVendange,Kg,0.05,\N,2017-08-28 00:00:00,\N,weighing,\N
106-3159B-ESP-HAUT-P04-C3,PoidsVendange,Kg,0.63,\N,2017-08-28 00:00:00,\N,weighing,\N
106-3159B-ESP-HAUT-P04-C4,PoidsVendange,Kg,1.74,\N,2017-08-28 00:00:00,\N,weighing,\N
106-3159B-ESP-HAUT-P04-C5,PoidsVendange,Kg,0.69,\N,2017-08-28 00:00:00,\N,weighing,\N
106-3159B-ESP-HAUT-P04-C6,PoidsVendange,Kg,2.04,\N,2017-08-28 00:00:00,\N,weighing,\N
106-3159B-ESP-HAUT-P11-C1,PoidsVendange,Kg,2.16,\N,2017-08-28 00:00:00,\N,weighing,\N
106-3159B-ESP-HAUT-P11-C2,PoidsVendange,Kg,0.99,\N,2017-08-28 00:00:00,\N,weighing,\N
106-3159B-ESP-HAUT-P11-C3,PoidsVendange,Kg,0.64,\N,2017-08-28 00:00:00,\N,weighing,\N
106-3159B-ESP-HAUT-P11-C4,PoidsVendange,Kg,0.82,\N,2017-08-28 00:00:00,\N,weighing,\N
106-3159B-ESP-HAUT-P11-C5,PoidsVendange,Kg,0.05,\N,2017-08-28 00:00:00,\N,weighing,\N
106-3159B-ESP-HAUT-P11-C6,PoidsVendange,Kg,1.65,\N,2017-08-28 00:00:00,\N,weighing,\N
106-3159B-ESP-HAUT-P15-C1,PoidsVendange,Kg,1.5,\N,2017-08-28 00:00:00,\N,weighing,\N
106-3159B-ESP-HAUT-P15-C2,PoidsVendange,Kg,0.25,\N,2017-08-28 00:00:00,\N,weighing,\N
106-3159B-ESP-HAUT-P15-C3,PoidsVendange,Kg,0.92,\N,2017-08-28 00:00:00,\N,weighing,\N
106-3159B-ESP-HAUT-P15-C4,PoidsVendange,Kg,0.17,\N,2017-08-28 00:00:00,\N,weighing,\N
106-3159B-ESP-HAUT-P15-C5,PoidsVendange,Kg,0.61,\N,2017-08-28 00:00:00,\N,weighing,\N
106-3159B-ESP-HAUT-P15-C6,PoidsVendange,Kg,0.47,\N,2017-08-28 00:00:00,\N,weighing,\N
106-3159B-ESP-HAUT-P20-C1,PoidsVendange,Kg,0.78,\N,2017-08-28 00:00:00,\N,weighing,\N
106-3159B-ESP-HAUT-P20-C2,PoidsVendange,Kg,0.2,\N,2017-08-28 00:00:00,\N,weighing,\N
106-3159B-ESP-HAUT-P20-C3,PoidsVendange,Kg,0.07,\N,2017-08-28 00:00:00,\N,weighing,\N
106-3159B-ESP-HAUT-P20-C4,PoidsVendange,Kg,1.38,\N,2017-08-28 00:00:00,\N,weighing,\N
106-3159B-ESP-HAUT-P20-C5,PoidsVendange,Kg,2.09,\N,2017-08-28 00:00:00,\N,weighing,\N
106-3159B-ESP-HAUT-P20-C6,PoidsVendange,Kg,1.08,\N,2017-08-28 00:00:00,\N,weighing,\N
106-3160N-ESP-HAUT-P04-C1,midGrapeWeight,g,133,\N,2017-08-25 00:00:00,\N,calculation,\N
106-3160N-ESP-HAUT-P04-C2,midGrapeWeight,g,115,\N,2017-08-25 00:00:00,\N,calculation,\N
106-3160N-ESP-HAUT-P04-C4,midGrapeWeight,g,135,\N,2017-08-25 00:00:00,\N,calculation,\N
106-3160N-ESP-HAUT-P04-C5,midGrapeWeight,g,107,\N,2017-08-25 00:00:00,\N,calculation,\N
106-3160N-ESP-HAUT-P04-C6,midGrapeWeight,g,59,\N,2017-08-25 00:00:00,\N,calculation,\N
106-3160N-ESP-HAUT-P08-C2,midGrapeWeight,g,123,\N,2017-08-25 00:00:00,\N,calculation,\N
106-3160N-ESP-HAUT-P08-C3,midGrapeWeight,g,58,\N,2017-08-25 00:00:00,\N,calculation,\N
106-3160N-ESP-HAUT-P08-C5,midGrapeWeight,g,120,\N,2017-08-25 00:00:00,\N,calculation,\N
106-3160N-ESP-HAUT-P08-C6,midGrapeWeight,g,74,\N,2017-08-25 00:00:00,\N,calculation,\N
106-3160N-ESP-HAUT-P11-C1,midGrapeWeight,g,145,\N,2017-08-25 00:00:00,\N,calculation,\N
106-3160N-ESP-HAUT-P11-C2,midGrapeWeight,g,122,\N,2017-08-25 00:00:00,\N,calculation,\N
106-3160N-ESP-HAUT-P11-C3,midGrapeWeight,g,0,\N,2017-08-25 00:00:00,\N,calculation,\N
106-3160N-ESP-HAUT-P11-C4,midGrapeWeight,g,89,\N,2017-08-25 00:00:00,\N,calculation,\N
106-3160N-ESP-HAUT-P11-C5,midGrapeWeight,g,174,\N,2017-08-25 00:00:00,\N,calculation,\N
106-3160N-ESP-HAUT-P11-C6,midGrapeWeight,g,91,\N,2017-08-25 00:00:00,\N,calculation,\N
106-3160N-ESP-HAUT-P15-C1,midGrapeWeight,g,160,\N,2017-08-25 00:00:00,\N,calculation,\N
106-3160N-ESP-HAUT-P15-C3,midGrapeWeight,g,200,\N,2017-08-25 00:00:00,\N,calculation,\N
106-3160N-ESP-HAUT-P15-C4,midGrapeWeight,g,171,\N,2017-08-25 00:00:00,\N,calculation,\N
106-3160N-ESP-HAUT-P15-C5,midGrapeWeight,g,0,\N,2017-08-25 00:00:00,\N,calculation,\N
106-3160N-ESP-HAUT-P15-C6,midGrapeWeight,g,133,\N,2017-08-25 00:00:00,\N,calculation,\N
106-3159B-ESP-HAUT-P04-C1,midGrapeWeight,g,151,\N,2017-08-28 00:00:00,\N,calculation,\N
106-3159B-ESP-HAUT-P04-C2,midGrapeWeight,g,50,\N,2017-08-28 00:00:00,\N,calculation,\N
106-3159B-ESP-HAUT-P04-C3,midGrapeWeight,g,158,\N,2017-08-28 00:00:00,\N,calculation,\N
106-3159B-ESP-HAUT-P04-C4,midGrapeWeight,g,158,\N,2017-08-28 00:00:00,\N,calculation,\N
106-3159B-ESP-HAUT-P04-C5,midGrapeWeight,g,138,\N,2017-08-28 00:00:00,\N,calculation,\N
106-3159B-ESP-HAUT-P04-C6,midGrapeWeight,g,157,\N,2017-08-28 00:00:00,\N,calculation,\N
106-3159B-ESP-HAUT-P11-C1,midGrapeWeight,g,77,\N,2017-08-28 00:00:00,\N,calculation,\N
106-3159B-ESP-HAUT-P11-C2,midGrapeWeight,g,71,\N,2017-08-28 00:00:00,\N,calculation,\N
106-3159B-ESP-HAUT-P11-C3,midGrapeWeight,g,128,\N,2017-08-28 00:00:00,\N,calculation,\N
106-3159B-ESP-HAUT-P11-C4,midGrapeWeight,g,91,\N,2017-08-28 00:00:00,\N,calculation,\N
106-3159B-ESP-HAUT-P11-C5,midGrapeWeight,g,50,\N,2017-08-28 00:00:00,\N,calculation,\N
106-3159B-ESP-HAUT-P11-C6,midGrapeWeight,g,127,\N,2017-08-28 00:00:00,\N,calculation,\N
106-3159B-ESP-HAUT-P15-C1,midGrapeWeight,g,94,\N,2017-08-28 00:00:00,\N,calculation,\N
106-3159B-ESP-HAUT-P15-C2,midGrapeWeight,g,63,\N,2017-08-28 00:00:00,\N,calculation,\N
106-3159B-ESP-HAUT-P15-C3,midGrapeWeight,g,77,\N,2017-08-28 00:00:00,\N,calculation,\N
106-3159B-ESP-HAUT-P15-C4,midGrapeWeight,g,85,\N,2017-08-28 00:00:00,\N,calculation,\N
106-3159B-ESP-HAUT-P15-C5,midGrapeWeight,g,153,\N,2017-08-28 00:00:00,\N,calculation,\N
106-3159B-ESP-HAUT-P15-C6,midGrapeWeight,g,94,\N,2017-08-28 00:00:00,\N,calculation,\N
106-3159B-ESP-HAUT-P20-C1,midGrapeWeight,g,195,\N,2017-08-28 00:00:00,\N,calculation,\N
106-3159B-ESP-HAUT-P20-C2,midGrapeWeight,g,200,\N,2017-08-28 00:00:00,\N,calculation,\N
106-3159B-ESP-HAUT-P20-C3,midGrapeWeight,g,70,\N,2017-08-28 00:00:00,\N,calculation,\N
106-3159B-ESP-HAUT-P20-C4,midGrapeWeight,g,115,\N,2017-08-28 00:00:00,\N,calculation,\N
106-3159B-ESP-HAUT-P20-C5,midGrapeWeight,g,161,\N,2017-08-28 00:00:00,\N,calculation,\N
106-3159B-ESP-HAUT-P20-C6,midGrapeWeight,g,135,\N,2017-08-28 00:00:00,\N,calculation,\N
